Activity Type,Date,Favorite,Title,Distance,Calories,Time,Avg HR,Max HR,Aerobic TE,Avg Run Cadence,Max Run Cadence,Avg Pace,Best Pace,Total Ascent,Total Descent,Avg Stride Length,Avg Vertical Ratio,Avg Vertical Oscillation,Avg Ground Contact Time,Training Stress ScoreÂ®,Avg Power,Max Power,Grit,Flow,Avg. Swolf,Avg Stroke Rate,Total Reps,Total Sets,Dive Time,Min Temp,Surface Interval,Decompression,Best Lap Time,Number of Laps,Max Temp,Distance,Total Descent,Moving Time,Elapsed Time,Min Elevation,Max Elevation
Running,6/1/2022 09:28,FALSE,Carrera,0,0,00:02.6,154,156,0,--,--,--,--,--,--,0,0,0,0,0,0,0,0,0,0,0,0,--,00:00,0,00:00,No,00:02.6,1,0,0,--,00:00:00,00:06.6,56,56
Treadmill Running,5/29/2022 09:44,FALSE,Entrenamiento en cinta,0,0,00:00.8,146,146,0,--,--,--,--,--,--,0,0,0,0,0,0,0,0,0,0,0,0,--,00:00,0,00:00,No,00:00.8,1,0,0,--,00:00:00,00:00.8,--,--
Treadmill Running,5/12/2022 10:21,FALSE,Entrenamiento en cinta,0,0,00:02.6,143,144,0,--,--,--,--,--,--,0,0,0,0,0,0,0,0,0,0,0,0,--,00:00,0,00:00,No,00:02.6,1,0,0,--,00:00:00,00:14.5,--,--
Walking,4/27/2022 08:26,FALSE,Caminar,0,0,00:00.2,81,81,0,--,--,--,--,--,--,0,0,0,0,0,0,0,0,0,0,0,0,--,00:00,0,00:00,No,00:00.2,1,0,0,--,00:00:00,00:00.2,--,--
Walking,4/25/2022 18:21,FALSE,Caminar,0,0,00:01.6,93,93,0,--,--,--,--,--,--,0,0,0,0,0,0,0,0,0,0,0,0,--,00:00,0,00:00,No,00:01.6,1,0,0,--,00:00:00,00:01.6,448,448
Running,6/1/2022 09:28,FALSE,Carrera,0,1,00:06.4,148,148,0,--,--,--,--,--,--,0,0,0,0,0,0,0,0,0,0,0,0,--,00:00,0,00:00,No,00:06.4,1,0,0,--,00:00:00,00:06.4,56,56
Walking,4/8/2022 13:45,FALSE,Caminar,0.04,3,01:02.8,91,96,0,74,118,24:44:00,14:46,--,--,0.54,0,0,0,0,0,0,0,0,0,0,0,--,00:00,0,00:00,No,01:02.9,1,0,0.04,--,00:00:27,01:02.8,--,--
Walking,4/25/2022 17:47,FALSE,Olot Caminar,0.03,21,05:31.8,98,109,0.3,2,145,--,--,--,2,2.22,0,0,0,0,0,0,0,0,0,0,0,--,00:00,0,00:00,No,05:31.8,1,0,0.03,2,00:00:00,08:13.4,446,448
Running,1/26/2023 13:29,FALSE,Hoi An Carrera,0.37,34,06:43.3,104,141,0.5,58,192,18:14,05:52,--,--,0.95,0,0,0,0,0,0,0,0,0,0,0,--,00:00,0,00:00,No,06:43.3,1,0,0.37,--,00:02:32,00:36:50,7,10
Pilates,11/10/2023 15:54,FALSE,Pilates,0,42,00:20:05,78,97,0.2,--,--,--,--,--,--,0,0,0,0,0,0,0,0,0,0,0,--,1,00:00,0,00:00,No,20:04.8,1,0,0,--,00:20:05,01:21:11,--,--
Running,2/21/2023 06:55,FALSE,Carrera,1.11,61,08:09.9,122,133,2,187,196,07:21,06:19,4,5,0.73,0,0,0,0,0,0,0,0,0,0,0,--,00:00,0,00:00,No,08:09.9,1,0,1.11,5,00:08:03,08:09.9,20,27
Pilates,11/7/2023 13:54,FALSE,Pilates,0,67,00:21:35,88,116,0.3,--,--,--,--,--,--,0,0,0,0,0,0,0,0,0,0,0,--,1,00:00,0,00:00,No,21:35.0,1,0,0,--,00:21:35,00:21:35,--,--
Pilates,9/25/2023 09:02,FALSE,Pilates,0,71,00:48:52,69,92,0,--,--,--,--,--,--,0,0,0,0,0,0,0,0,0,0,0,--,1,00:00,0,00:00,No,48:52.2,1,0,0,--,00:48:52,00:48:52,--,--
Pilates,9/9/2023 10:21,FALSE,Pilates,0,71,00:35:42,76,101,0.1,--,--,--,--,--,--,0,0,0,0,0,0,0,0,0,0,0,--,1,00:00,0,00:00,No,35:41.9,1,0,0,--,00:35:42,00:35:42,--,--
Pilates,10/1/2023 09:33,FALSE,Pilates,0,77,00:35:14,79,97,0.1,--,--,--,--,--,--,0,0,0,0,0,0,0,0,0,0,0,--,1,00:00,0,00:00,No,35:14.4,1,0,0,--,00:35:14,00:35:14,--,--
Pilates,10/16/2023 09:17,FALSE,Pilates,0,79,00:32:45,81,107,0.1,--,--,--,--,--,--,0,0,0,0,0,0,0,0,0,0,0,--,1,00:00,0,00:00,No,32:45.1,1,0,0,--,00:32:45,00:32:45,--,--
Pilates,7/3/2023 09:12,FALSE,Pilates,0,83,00:51:24,71,89,0.1,--,--,--,--,--,--,0,0,0,0,0,0,0,0,0,0,0,--,1,00:00,0,00:00,No,51:24.2,1,0,0,--,00:51:24,00:51:24,--,--
Pilates,6/24/2023 11:17,FALSE,Pilates,0,86,00:43:16,76,97,0.1,--,--,--,--,--,--,0,0,0,0,0,0,0,0,0,0,0,--,1,00:00,0,00:00,No,43:16.4,1,0,0,--,00:43:16,00:43:16,--,--
Running,8/6/2022 13:18,FALSE,Vila Nova de Gaia Carrera,1.62,91,00:11:39,150,176,2.6,170,235,07:13,05:56,11,8,0.82,0,0,0,0,0,0,0,0,0,0,0,--,00:00,0,00:00,No,00:03.1,2,0,1.62,8,00:11:27,00:11:39,--,13
Pilates,7/1/2023 10:40,FALSE,Pilates,0,94,00:44:31,78,108,0.2,--,--,--,--,--,--,0,0,0,0,0,0,0,0,0,0,0,--,1,00:00,0,00:00,No,44:31.3,1,0,0,--,00:44:31,00:53:12,--,--
Pilates,1/18/2024 09:11,FALSE,Pilates,0,95,00:47:12,75,102,0.1,--,--,--,--,--,--,0,0,0,0,0,0,0,0,0,0,0,--,1,00:00,0,00:00,No,47:12.2,1,0,0,--,00:47:12,00:48:33,--,--
Pilates,4/10/2023 10:16,FALSE,Pilates,0,96,00:38:20,83,120,0.4,--,--,--,--,--,--,0,0,0,0,0,0,0,0,0,0,0,--,1,00:00,0,00:00,No,38:19.9,1,0,0,--,00:38:20,00:47:04,--,--
Walking,4/7/2022 10:22,FALSE,Caminar,1.64,96,00:57:58,71,98,0.2,19,120,35:14:00,09:07,22,24,1.43,0,0,0,0,0,0,0,0,0,0,0,--,00:00,0,00:00,No,00:13.0,2,0,1.64,24,00:12:28,00:57:58,19,58
Pilates,9/27/2023 18:51,FALSE,Pilates,0,103,00:50:52,77,98,0.1,--,--,--,--,--,--,0,0,0,0,0,0,0,0,0,0,0,--,1,00:00,0,00:00,No,50:51.6,1,0,0,--,00:50:52,00:50:52,--,--
Pilates,11/12/2023 12:39,FALSE,Pilates,0,105,00:32:08,92,117,0.3,--,--,--,--,--,--,0,0,0,0,0,0,0,0,0,0,0,--,1,00:00,0,00:00,No,32:07.8,1,0,0,--,00:32:08,00:32:08,--,--
Pilates,5/8/2023 10:05,FALSE,Pilates,0,107,00:51:56,78,109,0.1,--,--,--,--,--,--,0,0,0,0,0,0,0,0,0,0,0,--,1,00:00,0,00:00,No,51:56.4,1,0,0,--,00:51:56,00:51:56,--,--
Pilates,2/15/2024 09:45,FALSE,Pilates,0,110,00:45:54,80,114,0.2,--,--,--,--,--,--,0,0,0,0,0,0,0,0,0,0,0,--,1,00:00,0,00:00,No,45:54.1,1,0,0,--,00:45:54,00:45:54,--,--
Walking,4/9/2022 18:56,FALSE,Caminar,2.19,110,00:28:44,98,111,0.8,104,134,13:07,09:45,12,14,0.73,0,0,0,0,0,0,0,0,0,0,0,--,00:00,0,00:00,No,07:46.0,2,0,2.19,14,00:26:42,00:28:44,48,57
Pilates,1/2/2024 10:11,FALSE,Pilates,0,112,00:45:55,80,106,0.2,--,--,--,--,--,--,0,0,0,0,0,0,0,0,0,0,0,--,1,00:00,0,00:00,No,45:55.3,1,0,0,--,00:45:55,00:45:55,--,--
Pilates,6/17/2023 12:18,FALSE,Pilates,0,112,00:45:24,83,112,0.2,--,--,--,--,--,--,0,0,0,0,0,0,0,0,0,0,0,--,1,00:00,0,00:00,No,45:24.2,1,0,0,--,00:45:24,00:45:24,--,--
Pilates,5/27/2023 08:44,FALSE,Pilates,0,112,00:52:49,79,108,0.1,--,--,--,--,--,--,0,0,0,0,0,0,0,0,0,0,0,--,1,00:00,0,00:00,No,52:48.8,1,0,0,--,00:52:49,00:52:49,--,--
Walking,3/27/2022 10:13,FALSE,Caminar,2.04,112,00:33:10,94,115,0.7,93,124,16:15,12:09,11,11,0.66,0,0,0,0,0,0,0,0,0,0,0,--,00:00,0,00:00,No,06:10.0,2,0,2.04,11,00:31:48,00:33:10,52,63
Pilates,1/6/2024 09:38,FALSE,Pilates,0,114,00:49:25,79,114,0.1,--,--,--,--,--,--,0,0,0,0,0,0,0,0,0,0,0,--,1,00:00,0,00:00,No,49:25.0,1,0,0,--,00:49:25,00:49:25,--,--
Pilates,11/29/2021 08:36,FALSE,Pilates,0,116,00:46:26,83,116,0.3,--,--,--,--,--,--,0,0,0,0,0,0,0,0,0,0,0,--,1,00:00,0,00:00,No,46:25.8,1,0,0,--,00:46:26,00:46:44,--,--
Pilates,10/4/2023 08:16,FALSE,Pilates,0,117,00:43:18,85,114,0.1,--,--,--,--,--,--,0,0,0,0,0,0,0,0,0,0,0,--,1,00:00,0,00:00,No,43:17.6,1,0,0,--,00:43:18,01:05:38,--,--
Pilates,9/14/2023 08:47,FALSE,Pilates,0,118,00:40:54,88,125,0.3,--,--,--,--,--,--,0,0,0,0,0,0,0,0,0,0,0,--,1,00:00,0,00:00,No,40:54.5,1,0,0,--,00:40:54,00:40:54,--,--
Pilates,6/15/2023 12:21,FALSE,Pilates,0,119,00:42:59,86,131,0.3,--,--,--,--,--,--,0,0,0,0,0,0,0,0,0,0,0,--,1,00:00,0,00:00,No,42:59.3,1,0,0,--,00:42:59,00:42:59,--,--
Pilates,3/23/2023 08:43,FALSE,Pilates,0,120,00:33:39,98,119,0.5,--,--,--,--,--,--,0,0,0,0,0,0,0,0,0,0,0,--,1,00:00,0,00:00,No,33:38.6,1,0,0,--,00:33:39,00:33:39,--,--
Pilates,6/28/2023 07:51,FALSE,Pilates,0,121,00:48:29,83,111,0.2,--,--,--,--,--,--,0,0,0,0,0,0,0,0,0,0,0,--,1,00:00,0,00:00,No,48:28.8,1,0,0,--,00:48:29,00:48:29,--,--
Pilates,6/27/2023 07:57,FALSE,Pilates,0,121,00:42:30,88,117,0.2,--,--,--,--,--,--,0,0,0,0,0,0,0,0,0,0,0,--,1,00:00,0,00:00,No,42:29.8,1,0,0,--,00:42:30,00:42:30,--,--
Pilates,11/30/2023 07:54,FALSE,Pilates,0,122,00:43:49,85,105,0.2,--,--,--,--,--,--,0,0,0,0,0,0,0,0,0,0,0,--,1,00:00,0,00:00,No,43:49.4,1,0,0,--,00:43:49,00:47:17,--,--
Pilates,2/21/2022 08:29,FALSE,Pilates,0,122,00:46:33,86,138,0.8,--,--,--,--,--,--,0,0,0,0,0,0,0,0,0,0,0,--,1,00:00,0,00:00,No,46:33.4,1,0,0,--,00:46:33,00:46:37,--,--
Pilates,12/14/2023 12:14,FALSE,Pilates,0,123,00:45:47,84,107,0.2,--,--,--,--,--,--,0,0,0,0,0,0,0,0,0,0,0,--,1,00:00,0,00:00,No,45:47.3,1,0,0,--,00:45:47,00:45:47,--,--
Pilates,3/26/2023 08:19,FALSE,Pilates,0,123,00:44:17,88,113,0.2,--,--,--,--,--,--,0,0,0,0,0,0,0,0,0,0,0,--,1,00:00,0,00:00,No,44:16.6,1,0,0,--,00:44:17,00:44:17,--,--
Pilates,11/18/2023 08:20,FALSE,Pilates,0,124,00:48:09,84,114,0.2,--,--,--,--,--,--,0,0,0,0,0,0,0,0,0,0,0,--,1,00:00,0,00:00,No,48:09.4,1,0,0,--,00:48:09,00:48:09,--,--
Pilates,12/20/2021 09:19,FALSE,Pilates,0,124,00:43:23,89,118,0.7,--,--,--,--,--,--,0,0,0,0,0,0,0,0,0,0,0,--,1,00:00,0,00:00,No,43:22.8,1,0,0,--,00:43:23,00:43:23,--,--
Pilates,1/22/2024 15:22,FALSE,Pilates,0,125,00:46:36,83,109,0.2,--,--,--,--,--,--,0,0,0,0,0,0,0,0,0,0,0,--,1,00:00,0,00:00,No,46:35.7,1,0,0,--,00:46:36,01:16:40,--,--
Pilates,5/26/2023 10:03,FALSE,Pilates,0,125,00:38:24,93,121,0.4,--,--,--,--,--,--,0,0,0,0,0,0,0,0,0,0,0,--,1,00:00,0,00:00,No,38:23.7,1,0,0,--,00:38:24,00:38:24,--,--
Pilates,10/3/2023 09:01,FALSE,Pilates,0,126,00:50:50,83,110,0.2,--,--,--,--,--,--,0,0,0,0,0,0,0,0,0,0,0,--,1,00:00,0,00:00,No,50:50.1,1,0,0,--,00:50:50,00:50:50,--,--
Pilates,9/11/2023 08:13,FALSE,Pilates,0,126,00:42:50,90,113,0.2,--,--,--,--,--,--,0,0,0,0,0,0,0,0,0,0,0,--,1,00:00,0,00:00,No,42:49.8,1,0,0,--,00:42:50,00:42:50,--,--
Pilates,9/30/2023 07:48,FALSE,Pilates,0,127,00:53:51,82,109,0.2,--,--,--,--,--,--,0,0,0,0,0,0,0,0,0,0,0,--,1,00:00,0,00:00,No,53:51.2,1,0,0,--,00:53:51,00:53:51,--,--
Pilates,5/16/2023 09:02,FALSE,Pilates,0,127,00:47:05,86,127,0.3,--,--,--,--,--,--,0,0,0,0,0,0,0,0,0,0,0,--,1,00:00,0,00:00,No,47:05.4,1,0,0,--,00:47:05,00:47:05,--,--
Pilates,9/29/2023 08:52,FALSE,Pilates,0,128,00:52:58,83,113,0.2,--,--,--,--,--,--,0,0,0,0,0,0,0,0,0,0,0,--,1,00:00,0,00:00,No,52:57.6,1,0,0,--,00:52:58,00:52:58,--,--
Pilates,5/30/2023 08:37,FALSE,Pilates,0,129,00:47:12,87,118,0.2,--,--,--,--,--,--,0,0,0,0,0,0,0,0,0,0,0,--,1,00:00,0,00:00,No,47:12.3,1,0,0,--,00:47:12,00:47:12,--,--
Pilates,5/6/2023 07:57,FALSE,Pilates,0,129,01:09:18,75,120,0.2,--,--,--,--,--,--,0,0,0,0,0,0,0,0,0,0,0,--,1,00:00,0,00:00,No,09:17.8,1,0,0,--,01:09:18,01:09:18,--,--
Pilates,12/13/2021 08:11,FALSE,Pilates,0,129,00:49:32,86,117,0.4,--,--,--,--,--,--,0,0,0,0,0,0,0,0,0,0,0,--,1,00:00,0,00:00,No,49:31.8,1,0,0,--,00:49:32,00:54:19,--,--
Pilates,1/14/2024 11:34,FALSE,Pilates,0,130,00:57:54,78,102,0.1,--,--,--,--,--,--,0,0,0,0,0,0,0,0,0,0,0,--,1,00:00,0,00:00,No,57:54.2,1,0,0,--,00:57:54,01:01:00,--,--
Pilates,6/3/2023 10:06,FALSE,Pilates,0,130,00:48:12,86,119,0.3,--,--,--,--,--,--,0,0,0,0,0,0,0,0,0,0,0,--,1,00:00,0,00:00,No,48:12.1,1,0,0,--,00:48:12,00:48:12,--,--
Pilates,3/30/2023 08:38,FALSE,Pilates,0,131,00:45:51,89,114,0.3,--,--,--,--,--,--,0,0,0,0,0,0,0,0,0,0,0,--,1,00:00,0,00:00,No,45:51.3,1,0,0,--,00:45:51,00:45:51,--,--
Pilates,2/20/2024 08:05,FALSE,Pilates,0,132,00:45:11,87,113,0.2,--,--,--,--,--,--,0,0,0,0,0,0,0,0,0,0,0,--,1,00:00,0,00:00,No,45:10.8,1,0,0,--,00:45:11,00:48:53,--,--
Pilates,1/16/2024 08:16,FALSE,Pilates,0,132,00:53:30,81,104,0.1,--,--,--,--,--,--,0,0,0,0,0,0,0,0,0,0,0,--,1,00:00,0,00:00,No,53:30.5,1,0,0,--,00:53:30,00:53:30,--,--
Pilates,4/1/2023 09:08,FALSE,Pilates,0,132,00:59:52,79,112,0.2,--,--,--,--,--,--,0,0,0,0,0,0,0,0,0,0,0,--,1,00:00,0,00:00,No,59:51.7,1,0,0,--,00:59:52,00:59:52,--,--
Pilates,2/6/2024 09:31,FALSE,Pilates,0,133,00:45:43,86,109,0.2,--,--,--,--,--,--,0,0,0,0,0,0,0,0,0,0,0,--,1,00:00,0,00:00,No,45:43.4,1,0,0,--,00:45:43,00:45:43,--,--
Pilates,11/26/2023 09:24,FALSE,Pilates,0,133,00:50:28,83,103,0.1,--,--,--,--,--,--,0,0,0,0,0,0,0,0,0,0,0,--,1,00:00,0,00:00,No,50:27.5,1,0,0,--,00:50:28,00:50:28,--,--
Pilates,7/21/2023 07:22,FALSE,Pilates,0,133,00:57:34,81,117,0.2,--,--,--,--,--,--,0,0,0,0,0,0,0,0,0,0,0,--,1,00:00,0,00:00,No,57:33.8,1,0,0,--,00:57:34,00:57:34,--,--
Pilates,1/13/2024 12:04,FALSE,Pilates,0,134,00:53:00,82,104,0.2,--,--,--,--,--,--,0,0,0,0,0,0,0,0,0,0,0,--,1,00:00,0,00:00,No,52:59.6,1,0,0,--,00:53:00,00:53:00,--,--
Pilates,7/5/2023 08:51,FALSE,Pilates,0,134,01:06:08,77,103,0.1,--,--,--,--,--,--,0,0,0,0,0,0,0,0,0,0,0,--,1,00:00,0,00:00,No,06:08.1,1,0,0,--,01:06:08,01:06:08,--,--
Pilates,2/5/2024 10:59,FALSE,Pilates,0,136,00:44:57,87,125,0.3,--,--,--,--,--,--,0,0,0,0,0,0,0,0,0,0,0,--,1,00:00,0,00:00,No,44:56.7,1,0,0,--,00:44:57,00:44:57,--,--
Pilates,12/28/2023 10:28,FALSE,Pilates,0,136,00:52:42,83,117,0.2,--,--,--,--,--,--,0,0,0,0,0,0,0,0,0,0,0,--,1,00:00,0,00:00,No,52:42.2,1,0,0,--,00:52:42,00:52:42,--,--
Pilates,9/22/2023 09:50,FALSE,Pilates,0,136,00:56:30,83,116,0.2,--,--,--,--,--,--,0,0,0,0,0,0,0,0,0,0,0,--,1,00:00,0,00:00,No,56:30.0,1,0,0,--,00:56:30,00:56:30,--,--
Pilates,7/19/2023 11:09,FALSE,Pilates,0,136,00:49:43,86,121,0.3,--,--,--,--,--,--,0,0,0,0,0,0,0,0,0,0,0,--,1,00:00,0,00:00,No,49:42.7,1,0,0,--,00:49:43,00:49:43,--,--
Pilates,5/10/2023 08:37,FALSE,Pilates,0,136,00:47:46,89,109,0.2,--,--,--,--,--,--,0,0,0,0,0,0,0,0,0,0,0,--,1,00:00,0,00:00,No,47:46.2,1,0,0,--,00:47:46,00:47:46,--,--
Pilates,4/9/2023 11:45,FALSE,Pilates,0,136,00:58:15,81,120,0.2,--,--,--,--,--,--,0,0,0,0,0,0,0,0,0,0,0,--,1,00:00,0,00:00,No,58:15.5,1,0,0,--,00:58:15,00:58:48,--,--
Pilates,12/1/2023 15:43,FALSE,Pilates,0,139,00:45:18,88,124,0.3,--,--,--,--,--,--,0,0,0,0,0,0,0,0,0,0,0,--,1,00:00,0,00:00,No,45:18.5,1,0,0,--,00:45:18,00:45:18,--,--
Pilates,4/29/2023 09:00,FALSE,Pilates,0,140,00:48:26,90,117,0.3,--,--,--,--,--,--,0,0,0,0,0,0,0,0,0,0,0,--,1,00:00,0,00:00,No,48:25.7,1,0,0,--,00:48:26,00:48:26,--,--
Pilates,1/10/2024 10:52,FALSE,Pilates,0,141,00:48:58,86,112,0.3,--,--,--,--,--,--,0,0,0,0,0,0,0,0,0,0,0,--,1,00:00,0,00:00,No,48:58.2,1,0,0,--,00:48:58,00:48:58,--,--
Pilates,11/9/2023 10:12,FALSE,Pilates,0,141,00:50:24,87,116,0.2,--,--,--,--,--,--,0,0,0,0,0,0,0,0,0,0,0,--,1,00:00,0,00:00,No,50:23.6,1,0,0,--,00:50:24,00:50:24,--,--
Pilates,4/3/2023 09:42,FALSE,Pilates,0,141,00:50:08,88,121,0.3,--,--,--,--,--,--,0,0,0,0,0,0,0,0,0,0,0,--,1,00:00,0,00:00,No,50:08.2,1,0,0,--,00:50:08,00:50:08,--,--
Walking,3/28/2022 09:28,FALSE,Caminar,2.36,141,00:41:48,98,119,0.7,66,131,17:42,05:21,53,51,0.95,0,0,0,0,0,0,0,0,0,0,0,--,00:00,0,00:00,No,18:14.8,2,0,2.36,51,00:30:16,00:41:48,30,57
Pilates,11/19/2023 08:26,FALSE,Pilates,0,142,00:47:01,90,121,0.5,--,--,--,--,--,--,0,0,0,0,0,0,0,0,0,0,0,--,1,00:00,0,00:00,No,47:00.5,1,0,0,--,00:47:01,00:49:47,--,--
Pilates,6/22/2023 08:44,FALSE,Pilates,0,142,00:50:23,88,109,0.2,--,--,--,--,--,--,0,0,0,0,0,0,0,0,0,0,0,--,1,00:00,0,00:00,No,50:23.3,1,0,0,--,00:50:23,00:52:21,--,--
Pilates,4/15/2023 11:12,FALSE,Pilates,0,142,00:50:05,90,111,0.2,--,--,--,--,--,--,0,0,0,0,0,0,0,0,0,0,0,--,1,00:00,0,00:00,No,50:04.7,1,0,0,--,00:50:05,00:50:05,--,--
Walking,4/6/2022 19:16,FALSE,Caminar,2.69,142,00:42:01,104,118,0.7,89,134,15:35,00:31,13,14,0.74,0,0,0,0,0,0,0,0,0,0,0,--,00:00,0,00:00,No,17:06.3,2,0,2.69,14,00:38:32,00:42:01,48,60
Pilates,5/29/2023 08:47,FALSE,Pilates,0,143,00:50:26,89,110,0.3,--,--,--,--,--,--,0,0,0,0,0,0,0,0,0,0,0,--,1,00:00,0,00:00,No,50:26.5,1,0,0,--,00:50:26,00:50:26,--,--
Pilates,12/21/2021 18:38,FALSE,Pilates,0,144,00:42:09,96,118,0.7,--,--,--,--,--,--,0,0,0,0,0,0,0,0,0,0,0,--,1,00:00,0,00:00,No,42:09.2,1,0,0,--,00:42:09,00:42:09,--,--
Pilates,3/24/2023 08:35,FALSE,Pilates,0,145,00:45:05,94,116,0.4,--,--,--,--,--,--,0,0,0,0,0,0,0,0,0,0,0,--,1,00:00,0,00:00,No,45:04.6,1,0,0,--,00:45:05,00:45:05,--,--
Pilates,2/20/2022 09:49,FALSE,Pilates,0,147,00:31:59,111,146,2.1,--,--,--,--,--,--,0,0,0,0,0,0,0,0,0,0,0,--,1,00:00,0,00:00,No,31:58.6,1,0,0,--,00:31:59,00:31:59,--,--
Pilates,2/23/2024 07:29,FALSE,Pilates,0,148,00:46:46,90,117,0.3,--,--,--,--,--,--,0,0,0,0,0,0,0,0,0,0,0,--,1,00:00,0,00:00,No,46:45.5,1,0,0,--,00:46:46,00:53:42,--,--
Running,1/23/2024 12:31,FALSE,Running,1.61,148,00:51:17,85,114,0.3,2,151,31:48:00,02:40,241,242,17.65,0,0,0,0,0,0,0,0,0,0,0,--,00:00,0,00:00,No,11:38.9,2,0,1.61,242,00:03:08,00:51:17,-81,46
Pilates,4/12/2023 09:48,FALSE,Pilates,0,148,00:54:16,89,110,0.2,--,--,--,--,--,--,0,0,0,0,0,0,0,0,0,0,0,--,1,00:00,0,00:00,No,54:15.7,1,0,0,--,00:54:16,00:54:16,--,--
Running,6/19/2023 06:36,FALSE,Running,2.53,149,00:16:10,135,151,2.9,190,198,06:23,05:02,7,14,0.82,0,0,0,0,0,0,0,0,0,0,0,--,00:00,0,00:00,No,05:37.6,2,0,2.53,14,00:16:09,00:16:10,16,27
Pilates,12/7/2021 18:01,FALSE,Pilates,0,149,00:39:38,100,127,1.3,--,--,--,--,--,--,0,0,0,0,0,0,0,0,0,0,0,--,1,00:00,0,00:00,No,39:38.1,1,0,0,--,00:39:38,00:44:43,--,--
Pilates,4/4/2023 09:02,FALSE,Pilates,0,150,00:47:48,93,121,0.4,--,--,--,--,--,--,0,0,0,0,0,0,0,0,0,0,0,--,1,00:00,0,00:00,No,47:47.8,1,0,0,--,00:47:48,00:47:48,--,--
Pilates,2/4/2024 09:29,FALSE,Pilates,0,152,00:46:02,91,111,0.3,--,--,--,--,--,--,0,0,0,0,0,0,0,0,0,0,0,--,1,00:00,0,00:00,No,46:01.1,1,0,0,--,00:46:02,00:46:02,--,--
Pilates,12/15/2023 10:42,FALSE,Pilates,0,153,00:56:54,84,105,0.2,--,--,--,--,--,--,0,0,0,0,0,0,0,0,0,0,0,--,1,00:00,0,00:00,No,56:54.1,1,0,0,--,00:56:54,00:56:55,--,--
Running,6/25/2022 10:43,FALSE,Carrera,2.43,156,00:18:01,166,173,3.1,177,196,07:25,06:20,5,14,0.76,0,0,0,0,0,0,0,0,0,0,0,--,00:00,0,00:00,No,05:47.2,2,0,2.43,14,00:17:25,00:18:01,53,66
Pilates,5/7/2023 08:52,FALSE,Pilates,0,157,00:52:44,91,126,0.4,--,--,--,--,--,--,0,0,0,0,0,0,0,0,0,0,0,--,1,00:00,0,00:00,No,52:44.1,1,0,0,--,00:52:44,00:52:44,--,--
Pilates,12/3/2023 07:56,FALSE,Pilates,0,159,00:45:31,94,124,0.4,--,--,--,--,--,--,0,0,0,0,0,0,0,0,0,0,0,--,1,00:00,0,00:00,No,45:30.6,1,0,0,--,00:45:31,00:45:31,--,--
Pilates,6/29/2023 07:45,FALSE,Pilates,0,159,00:58:57,87,115,0.3,--,--,--,--,--,--,0,0,0,0,0,0,0,0,0,0,0,--,1,00:00,0,00:00,No,58:57.2,1,0,0,--,00:58:57,01:00:32,--,--
Running,3/21/2023 07:13,FALSE,Carrera,2.85,159,00:16:01,158,169,4,192,201,05:38,04:57,15,16,0.92,0,0,0,0,0,0,0,0,0,0,0,--,00:00,0,00:00,No,06:38.8,2,0,2.85,16,00:16:00,00:25:09,14,31
Pilates,4/6/2023 09:03,FALSE,Pilates,0,160,00:50:37,93,121,0.4,--,--,--,--,--,--,0,0,0,0,0,0,0,0,0,0,0,--,1,00:00,0,00:00,No,50:37.0,1,0,0,--,00:50:37,00:50:37,--,--
Pilates,10/30/2023 11:06,FALSE,Pilates,0,162,00:53:43,91,114,0.3,--,--,--,--,--,--,0,0,0,0,0,0,0,0,0,0,0,--,1,00:00,0,00:00,No,53:42.8,1,0,0,--,00:53:43,00:53:43,--,--
Pilates,5/23/2023 08:29,FALSE,Pilates,0,162,00:49:26,95,124,0.5,--,--,--,--,--,--,0,0,0,0,0,0,0,0,0,0,0,--,1,00:00,0,00:00,No,49:26.2,1,0,0,--,00:49:26,00:49:26,--,--
Pilates,7/28/2023 08:39,FALSE,Pilates,0,163,00:58:35,88,120,0.4,--,--,--,--,--,--,0,0,0,0,0,0,0,0,0,0,0,--,1,00:00,0,00:00,No,58:34.7,1,0,0,--,00:58:35,00:58:35,--,--
Running,1/17/2022 09:39,FALSE,Carrera,2.61,164,00:22:52,146,170,3.1,150,190,08:45,06:28,10,7,0.76,0,0,0,0,0,0,0,0,0,0,0,--,00:00,0,00:00,No,10:09.8,2,0,2.61,7,00:21:07,00:22:54,47,57
Pilates,11/4/2023 08:46,FALSE,Pilates,0,165,00:45:55,98,117,0.5,--,--,--,--,--,--,0,0,0,0,0,0,0,0,0,0,0,--,1,00:00,0,00:00,No,45:54.7,1,0,0,--,00:45:55,00:45:55,--,--
Pilates,10/15/2023 08:59,FALSE,Pilates,0,167,00:49:41,94,137,0.9,--,--,--,--,--,--,0,0,0,0,0,0,0,0,0,0,0,--,1,00:00,0,00:00,No,49:40.6,1,0,0,--,00:49:41,00:49:41,--,--
Pilates,11/27/2023 08:58,FALSE,Pilates,0,169,00:48:07,95,114,0.3,--,--,--,--,--,--,0,0,0,0,0,0,0,0,0,0,0,--,1,00:00,0,00:00,No,48:07.5,1,0,0,--,00:48:07,00:48:07,--,--
Running,1/4/2022 08:54,FALSE,Carrera,3.37,170,00:25:32,133,155,2.7,163,245,07:34,06:08,329,325,0.81,0,0,0,0,0,0,0,0,0,0,0,--,00:00,0,00:00,No,01:06.2,3,0,3.37,325,00:25:29,00:28:33,47,158
Pilates,2/17/2024 08:42,FALSE,Pilates,0,173,00:48:26,94,131,0.6,--,--,--,--,--,--,0,0,0,0,0,0,0,0,0,0,0,--,1,00:00,0,00:00,No,48:26.1,1,0,0,--,00:48:26,00:49:48,--,--
Pilates,4/7/2023 08:13,FALSE,Pilates,0,174,01:06:42,86,115,0.2,--,--,--,--,--,--,0,0,0,0,0,0,0,0,0,0,0,--,1,00:00,0,00:00,No,06:42.2,1,0,0,--,01:06:42,01:06:42,--,--
Pilates,3/20/2023 08:13,FALSE,Pilates,0,175,00:47:49,101,129,0.9,--,--,--,--,--,--,0,0,0,0,0,0,0,0,0,0,0,--,1,00:00,0,00:00,No,47:49.4,1,0,0,--,00:47:49,00:47:49,--,--
Pilates,1/7/2024 08:33,FALSE,Pilates,0,176,00:58:36,88,117,0.3,--,--,--,--,--,--,0,0,0,0,0,0,0,0,0,0,0,--,1,00:00,0,00:00,No,58:36.0,1,0,0,--,00:58:36,01:03:34,--,--
Pilates,7/15/2023 10:31,FALSE,Pilates,0,176,01:16:49,81,118,0.2,--,--,--,--,--,--,0,0,0,0,0,0,0,0,0,0,0,--,1,00:00,0,00:00,No,16:48.6,1,0,0,--,01:16:49,01:16:49,--,--
Pilates,9/8/2023 08:12,FALSE,Pilates,0,178,01:00:46,91,112,0.3,--,--,--,--,--,--,0,0,0,0,0,0,0,0,0,0,0,--,1,00:00,0,00:00,No,00:45.6,1,0,0,--,01:00:46,01:00:46,--,--
Running,5/25/2022 18:51,FALSE,Carrera,3.24,180,00:25:16,138,164,3.1,154,194,07:48,05:31,17,20,0.83,0,0,0,0,0,0,0,0,0,0,0,--,00:00,0,00:00,No,00:10.0,3,0,3.24,20,00:25:02,00:25:16,53,70
Pilates,1/31/2024 10:08,FALSE,Pilates,0,185,00:51:03,97,119,0.5,--,--,--,--,--,--,0,0,0,0,0,0,0,0,0,0,0,--,1,00:00,0,00:00,No,51:03.0,1,0,0,--,00:51:03,00:51:03,--,--
Running,5/21/2022 19:43,FALSE,Carrera,3.34,189,00:27:32,134,160,3,151,195,08:14,05:51,--,--,0.8,0,0,0,0,0,0,0,0,0,0,0,--,00:00,0,00:00,No,01:34.2,3,0,3.34,--,00:25:10,00:27:32,--,--
Pilates,2/11/2024 07:41,FALSE,Pilates,0,191,00:56:09,93,116,0.4,--,--,--,--,--,--,0,0,0,0,0,0,0,0,0,0,0,--,1,00:00,0,00:00,No,56:08.7,1,0,0,--,00:56:09,00:56:09,--,--
Pilates,10/27/2023 09:54,FALSE,Pilates,0,191,01:09:05,87,130,0.4,--,--,--,--,--,--,0,0,0,0,0,0,0,0,0,0,0,--,1,00:00,0,00:00,No,09:05.4,1,0,0,--,01:09:05,01:09:05,--,--
Pilates,10/12/2023 09:50,FALSE,Pilates,0,193,01:24:25,81,106,0.2,--,--,--,--,--,--,0,0,0,0,0,0,0,0,0,0,0,--,1,00:00,0,00:00,No,24:25.0,1,0,0,--,01:24:25,01:24:25,--,--
Pilates,4/23/2023 08:37,FALSE,Pilates,0,199,01:15:55,87,112,0.3,--,--,--,--,--,--,0,0,0,0,0,0,0,0,0,0,0,--,1,00:00,0,00:00,No,15:55.3,1,0,0,--,01:15:55,01:15:55,--,--
Running,5/11/2023 06:32,FALSE,Running,3.75,202,00:21:03,144,154,3.4,188,199,05:37,04:54,33,31,0.94,0,0,0,0,0,0,0,0,0,0,0,--,00:00,0,00:00,No,02:44.0,3,0,3.75,31,00:21:02,00:21:14,7,31
Pilates,3/31/2022 10:16,FALSE,Pilates,0,205,00:35:43,122,145,2.4,--,--,--,--,--,--,0,0,0,0,0,0,0,0,0,0,0,--,1,00:00,0,00:00,No,35:42.9,1,0,0,--,00:35:43,00:35:43,--,--
Running,3/21/2023 06:45,FALSE,Carrera,4.03,217,00:24:56,143,165,3.3,187,201,06:11,05:15,6,19,0.86,0,0,0,0,0,0,0,0,0,0,0,--,00:00,0,00:00,No,04:29.4,3,0,4.03,19,00:24:30,00:26:18,7,27
Running,5/11/2023 06:05,FALSE,Running,4.02,221,00:25:48,137,151,3.1,187,195,06:25,05:27,3,19,0.83,0,0,0,0,0,0,0,0,0,0,0,--,00:00,0,00:00,No,04:35.9,3,0,4.02,19,00:25:34,00:25:50,7,27
Cycling,10/29/2022 14:11,FALSE,Ciclismo,8.76,222,01:00:30,102,139,0.7,--,--,8.7,15.6,10,6,0,0,0,0,0,0,0,0,0,0,0,0,--,00:00,0,00:00,No,07:50.8,2,0,8.76,6,00:54:32,01:31:21,59,67
Running,10/16/2023 06:21,FALSE,Running,4.02,229,00:24:49,149,169,3.3,191,204,06:11,05:05,3,19,0.85,0,0,0,0,0,0,0,0,0,0,0,--,00:00,0,00:00,No,00:04.4,5,0,4.02,19,00:24:48,00:24:49,7,27
Running,1/7/2022 17:17,FALSE,Carrera,3.87,231,00:32:09,138,168,3.3,148,196,08:18,05:58,45,48,0.81,0,0,0,0,0,0,0,0,0,0,0,--,00:00,0,00:00,No,05:19.5,3,0,3.87,48,00:30:34,00:32:09,33,64
Running,11/1/2023 06:35,FALSE,Running,4.01,232,00:25:11,149,167,3.2,190,198,06:17,05:33,3,17,0.84,0,0,0,0,0,0,0,0,0,0,0,--,00:00,0,00:00,No,00:04.3,5,0,4.01,17,00:25:06,00:25:11,7,27
Walking,3/5/2022 10:36,FALSE,Caminar,4.12,233,00:48:16,107,151,2.6,104,245,11:44,06:10,19,16,0.83,0,0,0,0,0,0,0,0,0,0,0,--,00:00,0,00:00,No,09:07.5,3,0,4.12,16,00:42:33,00:48:16,52,65
Running,8/3/2022 09:03,FALSE,Paredes de Coura Carrera,3.89,239,00:30:24,155,184,3.5,170,232,07:49,06:12,39,41,0.76,0,0,0,0,0,0,0,0,0,0,0,--,00:00,0,00:00,No,05:26.7,3,0,3.89,41,00:29:27,00:30:24,487,526
Pilates,1/5/2024 13:37,FALSE,Pilates,0,242,01:27:59,86,118,0.5,--,--,--,--,--,--,0,0,0,0,0,0,0,0,0,0,0,--,1,00:00,0,00:00,No,27:58.8,1,0,0,--,01:27:59,01:27:59,--,--
Running,7/17/2022 19:52,FALSE,Carrera,4.53,255,00:36:22,140,160,3,160,190,08:02,05:37,28,28,0.78,0,0,0,0,0,0,0,0,0,0,0,--,00:00,0,00:00,No,10:32.2,3,0,4.53,28,00:35:58,00:42:44,48,58
Walking,3/26/2022 10:45,FALSE,Caminar,4.42,256,01:18:27,89,118,1,68,147,17:46,09:39,18,14,0.83,0,0,0,0,0,0,0,0,0,0,0,--,00:00,0,00:00,No,19:59.2,3,0,4.42,14,00:54:19,01:18:27,50,64
Walking,4/30/2022 19:09,FALSE,Caminar,4.67,257,00:37:17,139,179,3.5,155,196,07:59,05:45,8,11,0.81,0,0,0,0,0,0,0,0,0,0,0,--,00:00,0,00:00,No,11:46.5,3,0,4.67,11,00:35:56,00:37:17,52,64
Walking,3/30/2022 17:58,FALSE,Caminar,4.71,258,01:13:15,101,114,1,93,134,15:33,11:59,31,31,0.7,0,0,0,0,0,0,0,0,0,0,0,--,00:00,0,00:00,No,23:33.8,3,0,4.71,31,01:07:28,01:13:15,49,63
Pilates,2/8/2024 08:50,FALSE,Pilates,0,259,01:05:48,101,138,2,--,--,--,--,--,--,0,0,0,0,0,0,0,0,0,0,0,--,1,00:00,0,00:00,No,05:47.7,1,0,0,--,01:05:48,01:24:45,--,--
Walking,3/25/2022 16:50,FALSE,Caminar,5,266,01:00:09,105,120,2.4,114,249,12:01,09:39,24,26,0.73,0,0,0,0,0,0,0,0,0,0,0,--,00:00,0,00:00,No,02:18.9,4,0,5,26,00:57:39,01:00:09,48,70
Pilates,3/19/2023 08:46,FALSE,Pilates,0,269,01:58:28,82,121,0.4,--,--,--,--,--,--,0,0,0,0,0,0,0,0,0,0,0,--,1,00:00,0,00:00,No,58:28.0,1,0,0,--,01:58:28,01:58:28,--,--
Walking,4/22/2022 13:30,FALSE,La Baronia de Rialb Caminar,2.64,269,01:19:59,100,138,2,43,234,30:18:00,09:04,65,54,0.79,0,0,0,0,0,0,0,0,0,0,0,--,00:00,0,00:00,No,22:14.0,2,0,2.64,54,00:38:08,01:19:59,676,720
Running,2/15/2022 08:50,FALSE,Carrera,4.25,270,00:42:33,140,170,3,131,233,10:01,07:02,19,15,0.77,0,0,0,0,0,0,0,0,0,0,0,--,00:00,0,00:00,No,11:32.0,3,0,4.25,15,00:38:31,00:42:33,51,64
Running,10/16/2023 06:47,FALSE,Running,4.71,271,00:26:24,165,178,3.9,193,206,05:36,04:29,34,37,0.92,0,0,0,0,0,0,0,0,0,0,0,--,00:00,0,00:00,No,03:30.9,5,0,4.71,37,00:26:20,00:27:01,6,31
Walking,11/19/2022 10:29,FALSE,Caminar,2.22,279,01:13:25,104,139,0.9,35,164,33:08:00,11:01,149,41,0.87,0,0,0,0,0,0,0,0,0,0,0,--,00:00,0,00:00,No,12:40.3,2,0,2.22,41,00:27:38,01:31:33,16,130
Walking,4/16/2022 11:50,FALSE,Caminar,4.49,292,01:29:10,96,119,0.8,64,144,19:50,09:49,33,33,0.79,0,0,0,0,0,0,0,0,0,0,0,--,00:00,0,00:00,No,18:30.9,3,0,4.49,33,00:54:44,01:38:40,47,62
Running,1/10/2022 08:23,FALSE,Carrera,5.11,292,00:41:12,136,156,3.7,166,192,08:04,06:24,24,29,0.75,0,0,0,0,0,0,0,0,0,0,0,--,00:00,0,00:00,No,02:19.9,4,0,5.11,29,00:41:12,00:43:09,47,64
Pilates,2/18/2024 08:06,FALSE,Pilates,0,293,01:35:10,91,128,1,--,--,--,--,--,--,0,0,0,0,0,0,0,0,0,0,0,--,1,00:00,0,00:00,No,35:10.3,1,0,0,--,01:35:10,01:35:10,--,--
Running,9/2/2022 06:37,FALSE,Carrera,5.29,298,00:36:33,153,177,4.2,182,199,06:54,05:23,30,30,0.79,0,0,0,0,0,0,0,0,0,0,0,--,00:00,0,00:00,No,03:05.6,4,0,5.29,30,00:35:49,00:38:53,15,33
Running,11/12/2022 07:51,FALSE,Carrera,5.03,304,00:34:27,151,173,3.7,186,206,06:51,05:55,42,8,0.78,0,0,0,0,0,0,0,0,0,0,0,--,00:00,0,00:00,No,01:28.0,4,0,5.03,8,00:34:14,00:35:02,14,56
Walking,5/7/2022 13:04,FALSE,Caminar,4.33,322,01:25:29,110,137,2,41,245,19:46,01:13,75,74,2.79,0,0,0,0,0,0,0,0,0,0,0,--,00:00,0,00:00,No,04:24.9,3,0,4.33,74,00:45:41,01:25:29,58,107
Running,2/17/2022 19:07,FALSE,Carrera,5.33,325,00:42:33,155,177,4,161,190,07:59,06:15,33,34,0.77,0,0,0,0,0,0,0,0,0,0,0,--,00:00,0,00:00,No,06:05.0,4,0,5.33,34,00:42:04,00:42:33,53,70
Running,6/4/2023 07:07,FALSE,Running,6.41,341,00:37:45,147,165,3.6,192,199,05:54,04:21,24,33,0.88,0,0,0,0,0,0,0,0,0,0,0,--,00:00,0,00:00,No,08:28.1,4,0,6.41,33,00:37:44,00:39:41,7,31
Walking,3/17/2022 09:13,FALSE,Caminar,5.92,342,00:57:06,128,173,3.5,123,196,09:38,05:34,15,15,0.84,0,0,0,0,0,0,0,0,0,0,0,--,00:00,0,00:00,No,09:54.7,4,0,5.92,15,00:52:33,01:00:00,50,76
Pilates,11/2/2023 08:53,FALSE,Pilates,0,344,02:43:16,79,116,0.3,--,--,--,--,--,--,0,0,0,0,0,0,0,0,0,0,0,--,1,00:00,0,00:00,No,43:15.8,1,0,0,--,02:43:16,02:43:16,--,--
Running,9/10/2023 06:37,FALSE,Running,6.08,344,00:37:38,149,175,3.7,189,199,06:11,05:01,16,20,0.85,0,0,0,0,0,0,0,0,0,0,0,--,00:00,0,00:00,No,00:30.2,7,0,6.08,20,00:37:35,00:39:40,7,30
Running,5/31/2022 06:03,FALSE,Carrera,5.99,344,00:41:51,157,191,3.9,178,201,06:59,05:34,11,17,0.81,0,0,0,0,0,0,0,0,0,0,0,--,00:00,0,00:00,No,07:59.1,4,0,5.99,17,00:41:45,00:41:51,52,70
Running,9/9/2022 06:36,FALSE,Carrera,6.41,346,00:42:29,155,176,4.5,185,241,06:37,05:33,296,295,0.82,0,0,0,0,0,0,0,0,0,0,0,--,00:00,0,00:00,No,10:02.3,4,0,6.41,295,00:42:13,00:45:54,15,92
Running,6/14/2022 06:04,FALSE,Carrera,6.11,356,00:45:41,150,172,3.7,176,196,07:29,06:12,31,31,0.76,0,0,0,0,0,0,0,0,0,0,0,--,00:00,0,00:00,No,09:15.9,4,0,6.11,31,00:45:36,00:45:41,52,70
Running,1/19/2024 06:51,FALSE,Running,6.14,358,00:35:51,152,173,3.9,194,201,05:50,05:11,43,25,0.88,0,0,0,0,0,0,0,0,0,0,0,--,00:00,0,00:00,No,00:47.2,7,0,6.14,25,00:35:46,00:36:09,7,41
Running,11/2/2023 06:20,FALSE,Running,6.4,359,00:38:02,154,175,3.8,192,206,05:57,04:06,25,32,0.87,0,0,0,0,0,0,0,0,0,0,0,--,00:00,0,00:00,No,01:49.4,7,0,6.4,32,00:37:59,00:42:12,7,31
Running,11/1/2023 07:02,FALSE,Running,6.18,362,00:36:23,164,171,4.1,193,201,05:53,04:54,32,29,0.88,0,0,0,0,0,0,0,0,0,0,0,--,00:00,0,00:00,No,00:52.7,7,0,6.18,29,00:36:21,00:40:05,7,37
Running,10/4/2022 07:29,FALSE,Carrera,6.37,365,00:47:29,149,170,4.4,177,210,07:27,05:47,42,41,0.76,0,0,0,0,0,0,0,0,0,0,0,--,00:00,0,00:00,No,10:11.8,4,0,6.37,41,00:46:12,00:55:52,8,31
Running,1/6/2022 08:42,FALSE,Carrera,6.46,368,00:46:45,139,159,4.3,165,245,07:15,05:26,18,15,0.84,0,0,0,0,0,0,0,0,0,0,0,--,00:00,0,00:00,No,00:09.8,5,0,6.46,15,00:45:59,00:46:45,49,58
Treadmill Running,6/25/2022 09:56,FALSE,Entrenamiento en cinta,4.27,369,00:45:07,152,173,4.1,164,218,10:35,08:35,--,--,0.58,0,0,0,0,0,0,0,0,0,0,0,--,00:00,0,00:00,No,11:08.3,3,0,4.27,--,00:41:43,00:46:42,--,--
Running,12/3/2023 06:21,FALSE,Running,6.59,370,00:38:39,143,161,3.8,193,206,05:52,04:26,24,32,0.88,0,0,0,0,0,0,0,0,0,0,0,--,00:00,0,00:00,No,02:51.6,7,0,6.59,32,00:38:36,00:40:24,7,31
Running,6/14/2023 07:05,FALSE,Running,6.68,375,00:41:35,147,167,3.7,185,198,06:14,05:25,172,180,0.87,0,0,0,0,0,0,0,0,0,0,0,--,00:00,0,00:00,No,01:24.9,5,0,6.68,180,00:41:34,00:43:29,-129,27
Running,4/7/2023 06:47,FALSE,Carrera,6.76,375,00:42:29,143,167,3.9,189,201,06:17,05:00,32,34,0.84,0,0,0,0,0,0,0,0,0,0,0,--,00:00,0,00:00,No,01:39.9,5,0,6.76,34,00:42:27,00:44:36,7,31
Treadmill Running,6/15/2022 19:06,FALSE,Entrenamiento en cinta,4.52,376,00:50:01,145,163,3.6,160,240,11:04,08:56,--,--,0.57,0,0,0,0,0,0,0,0,0,0,0,--,00:00,0,00:00,No,13:58.3,3,0,4.52,--,00:45:56,00:50:01,--,--
Running,6/1/2022 08:36,FALSE,Carrera,6.36,376,00:48:19,152,178,4.1,169,194,07:36,06:07,33,34,0.78,0,0,0,0,0,0,0,0,0,0,0,--,00:00,0,00:00,No,11:18.9,4,0,6.36,34,00:48:15,00:51:06,47,70
Running,8/31/2023 06:05,FALSE,Running,6.6,377,00:41:46,152,179,4.2,185,199,06:20,05:15,27,33,0.85,0,0,0,0,0,0,0,0,0,0,0,--,00:00,0,00:00,No,03:17.3,7,0,6.6,33,00:41:40,00:42:39,6,27
Running,2/20/2022 08:38,FALSE,Carrera,6.07,379,00:42:55,166,193,5,172,196,07:04,05:04,36,40,0.82,0,0,0,0,0,0,0,0,0,0,0,--,00:00,0,00:00,No,08:51.2,4,0,6.07,40,00:42:53,00:42:55,52,70
Running,9/16/2022 06:37,FALSE,Carrera,6.87,386,00:47:24,155,178,4.7,184,199,06:54,04:52,32,35,0.79,0,0,0,0,0,0,0,0,0,0,0,--,00:00,0,00:00,No,02:36.6,5,0,6.87,35,00:46:59,00:49:38,16,33
Running,4/4/2022 19:14,FALSE,Carrera,6.77,391,00:51:46,149,176,4.4,156,199,07:39,05:13,44,46,0.83,0,0,0,0,0,0,0,0,0,0,0,--,00:00,0,00:00,No,03:50.2,5,0,6.77,46,00:51:00,00:51:46,52,70
Walking,4/24/2022 15:02,FALSE,Peramola Caminar,3.28,393,02:22:10,92,121,0.6,16,163,43:24:00,01:35,63,88,1.44,0,0,0,0,0,0,0,0,0,0,0,--,00:00,0,00:00,No,00:05.3,3,0,3.28,88,00:25:02,02:22:10,546,611
Running,12/8/2021 08:28,FALSE,Carrera,6.55,393,00:45:51,157,183,4.8,172,245,07:00,05:36,23,27,0.84,0,0,0,0,0,0,0,0,0,0,0,--,00:00,0,00:00,No,01:04.2,5,0,6.55,27,00:45:50,00:45:51,50,70
Running,11/26/2023 06:20,FALSE,Running,6.78,396,00:40:14,148,176,3.8,191,203,05:56,04:46,30,36,0.88,0,0,0,0,0,0,0,0,0,0,0,--,00:00,0,00:00,No,04:03.4,7,0,6.78,36,00:40:02,00:43:40,7,31
Pilates,12/30/2023 09:17,FALSE,Pilates,0,397,02:56:57,79,109,0.2,--,--,--,--,--,--,0,0,0,0,0,0,0,0,0,0,0,--,1,00:00,0,00:00,No,56:56.8,1,0,0,--,02:56:57,02:56:57,--,--
Running,6/7/2022 06:06,FALSE,Carrera,7.01,398,00:51:28,147,164,3.7,182,192,07:20,06:30,35,34,0.75,0,0,0,0,0,0,0,0,0,0,0,--,00:00,0,00:00,No,04:00.4,5,0,7.01,34,00:51:27,00:51:28,51,70
Running,10/26/2023 06:36,FALSE,Running,7.01,401,00:43:33,149,164,3.8,192,201,06:13,05:08,31,38,0.84,0,0,0,0,0,0,0,0,0,0,0,--,00:00,0,00:00,No,00:03.8,8,0,7.01,38,00:43:24,00:45:29,7,31
Running,1/18/2022 08:31,FALSE,Carrera,7.07,403,00:50:12,152,179,4.5,169,199,07:06,05:40,46,43,0.83,0,0,0,0,0,0,0,0,0,0,0,--,00:00,0,00:00,No,04:12.7,5,0,7.07,43,00:49:45,00:51:09,46,61
Running,8/25/2023 06:35,FALSE,Running,7.16,405,00:44:08,152,178,4.4,189,201,06:10,04:06,39,47,0.86,0,0,0,0,0,0,0,0,0,0,0,--,00:00,0,00:00,No,00:42.7,8,0,7.16,47,00:43:56,00:49:47,7,31
Running,12/11/2021 19:21,FALSE,Carrera,6.99,406,00:46:07,0,0,2.1,182,196,06:36,05:47,31,31,0.83,0,0,0,0,0,0,0,0,0,0,0,--,00:00,0,00:00,No,03:26.7,5,0,6.99,31,00:45:24,00:54:30,8,26
Treadmill Running,1/14/2023 08:11,FALSE,Entrenamiento en cinta,5.77,407,00:45:48,148,170,4.1,179,199,07:56,06:38,--,--,0.7,0,0,0,0,0,0,0,0,0,0,0,--,00:00,0,00:00,No,06:54.9,4,0,5.77,--,00:45:07,00:50:51,--,--
Running,1/22/2022 07:41,FALSE,Carrera,7.01,410,00:48:01,161,184,5,171,199,06:51,05:32,42,45,0.85,0,0,0,0,0,0,0,0,0,0,0,--,00:00,0,00:00,No,03:23.2,5,0,7.01,45,00:47:48,00:49:57,46,61
Running,10/23/2022 07:17,FALSE,Carrera,7.51,413,00:53:42,144,160,3.8,184,199,07:09,05:40,31,37,0.76,0,0,0,0,0,0,0,0,0,0,0,--,00:00,0,00:00,No,07:38.8,5,0,7.51,37,00:53:06,00:55:55,7,33
Running,6/16/2022 06:58,FALSE,Carrera,6.89,416,00:52:02,154,169,4,175,194,07:33,06:31,48,52,0.76,0,0,0,0,0,0,0,0,0,0,0,--,00:00,0,00:00,No,03:43.2,5,0,6.89,52,00:51:39,00:52:02,42,68
Treadmill Running,6/19/2022 11:32,FALSE,Entrenamiento en cinta,4.34,417,00:50:01,157,174,4.5,154,187,11:33,09:07,--,--,0.56,0,0,0,0,0,0,0,0,0,0,0,--,00:00,0,00:00,No,15:32.1,3,0,4.34,--,00:43:27,00:50:01,--,--
Running,8/28/2022 06:34,FALSE,Carrera,7.17,419,00:48:44,159,176,5,183,198,06:48,05:41,26,20,0.81,0,0,0,0,0,0,0,0,0,0,0,--,00:00,0,00:00,No,05:06.6,5,0,7.17,20,00:48:32,00:51:37,7,26
Running,8/7/2022 09:11,FALSE,Vila Nova de Gaia Carrera,7.16,421,00:50:25,155,176,4.6,182,201,07:03,05:49,47,45,0.78,0,0,0,0,0,0,0,0,0,0,0,--,00:00,0,00:00,No,04:48.9,5,0,7.16,45,00:50:13,00:50:52,--,15
Running,8/30/2022 06:34,FALSE,Carrera,7.25,429,00:51:37,160,181,4.9,170,199,07:07,05:36,37,36,0.83,0,0,0,0,0,0,0,0,0,0,0,--,00:00,0,00:00,No,05:16.9,5,0,7.25,36,00:51:25,00:54:06,7,26
Treadmill Running,6/29/2022 09:03,FALSE,Entrenamiento en cinta,4.87,429,00:52:00,154,179,4.6,163,240,10:41,08:19,--,--,0.58,0,0,0,0,0,0,0,0,0,0,0,--,00:00,0,00:00,No,00:30.5,4,0,4.87,--,00:47:48,00:52:00,--,--
Running,1/20/2022 10:26,FALSE,Carrera,7.21,429,00:52:38,158,192,4.9,161,245,07:18,05:42,48,45,0.85,0,0,0,0,0,0,0,0,0,0,0,--,00:00,0,00:00,No,05:31.9,5,0,7.21,45,00:51:25,00:55:07,46,64
Running,1/8/2022 07:04,FALSE,Carrera,7.61,432,01:01:14,137,162,3.9,156,241,08:03,05:32,39,38,0.8,0,0,0,0,0,0,0,0,0,0,0,--,00:00,0,00:00,No,08:49.0,5,0,7.61,38,00:58:03,01:04:00,46,63
Running,11/20/2022 07:18,FALSE,Carrera,7.37,435,00:51:41,141,154,3.6,192,201,07:01,06:02,24,34,0.74,0,0,0,0,0,0,0,0,0,0,0,--,00:00,0,00:00,No,06:21.9,5,0,7.37,34,00:51:15,00:52:32,7,27
Running,3/19/2023 06:55,FALSE,Carrera,8.21,438,00:49:25,148,165,4.2,191,204,06:01,04:52,43,51,0.87,0,0,0,0,0,0,0,0,0,0,0,--,00:00,0,00:00,No,00:53.0,6,0,8.21,51,00:49:06,00:53:34,7,31
Running,7/12/2022 06:18,FALSE,Carrera,7.63,439,00:53:47,152,171,4.4,177,239,07:03,05:48,34,37,0.8,0,0,0,0,0,0,0,0,0,0,0,--,00:00,0,00:00,No,07:34.8,5,0,7.63,37,00:53:38,00:53:47,52,75
Running,5/18/2023 07:07,FALSE,Running,8.27,440,00:49:02,145,166,4,190,206,05:56,03:47,33,41,0.88,0,0,0,0,0,0,0,0,0,0,0,--,00:00,0,00:00,No,00:56.5,6,0,8.27,41,00:48:51,00:52:05,7,31
Running,12/27/2022 08:35,FALSE,Carrera,7.59,442,00:48:32,143,164,4.1,187,240,06:24,05:14,50,56,0.83,0,0,0,0,0,0,0,0,0,0,0,--,00:00,0,00:00,No,07:06.5,5,0,7.59,56,00:47:58,00:54:50,7,27
Running,6/2/2022 07:00,FALSE,Carrera,7.08,442,00:55:33,155,175,4.1,161,245,07:51,06:12,57,58,0.79,0,0,0,0,0,0,0,0,0,0,0,--,00:00,0,00:00,No,06:03.6,5,0,7.08,58,00:54:32,00:55:33,44,71
Running,3/21/2022 07:14,FALSE,Carrera,7.54,444,00:59:17,151,173,4.5,151,245,07:51,05:44,57,52,0.85,0,0,0,0,0,0,0,0,0,0,0,--,00:00,0,00:00,No,10:09.7,5,0,7.54,52,00:57:25,00:59:17,46,70
Walking,3/20/2022 09:36,FALSE,Caminar,7.38,444,00:57:22,150,189,4.8,157,245,07:46,05:32,40,40,0.82,0,0,0,0,0,0,0,0,0,0,0,--,00:00,0,00:00,No,06:33.4,5,0,7.38,40,00:54:55,01:05:09,52,70
Running,6/19/2023 06:52,FALSE,Running,8.15,445,00:44:52,157,174,4.5,194,203,05:30,04:22,47,53,0.94,0,0,0,0,0,0,0,0,0,0,0,--,00:00,0,00:00,No,00:28.5,6,0,8.15,53,00:44:45,00:48:51,7,37
Running,12/7/2021 11:10,FALSE,Carrera,7.19,448,00:50:58,156,195,5,171,245,07:05,05:41,30,34,0.83,0,0,0,0,0,0,0,0,0,0,0,--,00:00,0,00:00,No,05:21.6,5,0,7.19,34,00:49:41,00:51:30,48,69
Treadmill Running,5/11/2022 08:20,FALSE,Entrenamiento en cinta,4.87,452,00:55:41,160,182,5,148,225,11:27,08:01,--,--,0.56,0,0,0,0,0,0,0,0,0,0,0,--,00:00,0,00:00,No,05:53.4,4,0,4.87,--,00:45:17,00:55:41,--,--
Running,12/13/2021 19:33,FALSE,Carrera,8.03,452,00:50:40,160,185,5,188,198,06:19,05:45,41,43,0.84,0,0,0,0,0,0,0,0,0,0,0,--,00:00,0,00:00,No,09:41.7,5,0,8.03,43,00:50:32,00:56:21,8,26
Running,6/1/2023 07:05,FALSE,Running,7.78,453,00:47:41,140,158,4.2,188,200,06:08,05:17,24,36,0.87,0,0,0,0,0,0,0,0,0,0,0,--,00:00,0,00:00,No,07:51.6,5,0,7.78,36,00:47:37,00:50:57,7,27
Running,6/10/2023 06:54,FALSE,Running,7.87,455,00:56:50,141,172,3.4,172,217,07:13,05:03,76,74,0.81,0,0,0,0,0,0,0,0,0,0,0,--,00:00,0,00:00,No,08:46.6,5,0,7.87,74,00:50:59,01:06:22,7,67
Running,5/25/2023 07:07,FALSE,Running,8.36,458,00:51:13,145,164,3.8,190,201,06:08,04:56,36,44,0.86,0,0,0,0,0,0,0,0,0,0,0,--,00:00,0,00:00,No,01:36.8,6,0,8.36,44,00:51:10,00:53:35,7,31
Running,6/23/2023 06:36,FALSE,Running,8.31,460,00:50:19,149,173,4.1,186,198,06:03,04:32,46,50,0.88,0,0,0,0,0,0,0,0,0,0,0,--,00:00,0,00:00,No,01:32.1,9,0,8.31,50,00:50:16,00:52:52,7,31
Running,11/8/2023 06:35,FALSE,Running,8.32,461,00:48:57,151,171,4.2,193,201,05:53,04:40,43,51,0.88,0,0,0,0,0,0,0,0,0,0,0,--,00:00,0,00:00,No,01:35.1,9,0,8.32,51,00:48:54,00:51:59,6,31
Running,10/10/2023 07:07,FALSE,Running,7.96,462,00:49:15,158,187,4.3,191,203,06:11,04:57,37,40,0.85,0,0,0,0,0,0,0,0,0,0,0,--,00:00,0,00:00,No,05:26.8,8,0,7.96,40,00:49:14,00:56:55,7,31
Running,8/20/2023 06:21,FALSE,Running,7.95,462,00:50:31,159,195,4.9,184,194,06:21,05:22,37,40,0.85,0,0,0,0,0,0,0,0,0,0,0,--,00:00,0,00:00,No,05:35.5,8,0,7.95,40,00:50:29,00:58:36,6,31
Running,6/27/2023 06:05,FALSE,Running,8.38,462,00:49:12,148,167,4.3,190,201,05:52,04:47,40,48,0.9,0,0,0,0,0,0,0,0,0,0,0,--,00:00,0,00:00,No,01:52.1,9,0,8.38,48,00:49:09,00:51:03,6,31
Running,3/7/2022 07:02,FALSE,Carrera,7.38,462,00:57:31,157,200,5,152,201,07:47,05:25,98,106,0.84,0,0,0,0,0,0,0,0,0,0,0,--,00:00,0,00:00,No,07:07.3,5,0,7.38,106,00:55:28,00:58:26,47,105
Running,5/4/2023 05:51,FALSE,Running,8.28,466,00:50:23,141,157,4.4,186,201,06:05,04:56,46,41,0.88,0,0,0,0,0,0,0,0,0,0,0,--,00:00,0,00:00,No,01:10.5,6,0,8.28,41,00:50:17,00:52:34,13,37
Running,7/26/2022 06:17,FALSE,Base,7.49,468,01:00:08,155,177,4.7,160,201,08:02,05:49,27,37,0.79,0,0,0,0,0,0,0,0,0,0,0,--,00:00,0,00:00,No,01:06.5,6,0,7.49,37,00:55:53,01:01:35,51,75
Running,6/20/2022 06:57,FALSE,Carrera,7.75,468,01:00:49,154,168,3.7,164,194,07:51,06:20,63,63,0.78,0,0,0,0,0,0,0,0,0,0,0,--,00:00,0,00:00,No,11:15.6,5,0,7.75,63,01:00:40,01:06:21,42,69
Running,11/9/2023 06:34,FALSE,Running,8.24,470,00:50:37,148,164,4,192,203,06:09,05:00,41,50,0.85,0,0,0,0,0,0,0,0,0,0,0,--,00:00,0,00:00,No,01:14.4,9,0,8.24,50,00:50:21,00:54:42,7,31
Running,12/10/2023 07:04,FALSE,Running,7.94,473,00:47:43,149,164,4.2,195,203,06:00,05:03,29,31,0.85,0,0,0,0,0,0,0,0,0,0,0,--,00:00,0,00:00,No,05:18.8,8,0,7.94,31,00:47:17,00:52:40,7,31
Running,4/23/2023 07:05,FALSE,Running,9.05,473,00:53:06,141,169,4.2,194,203,05:52,05:00,49,43,0.88,0,0,0,0,0,0,0,0,0,0,0,--,00:00,0,00:00,No,05:27.7,6,0,9.05,43,00:52:45,01:01:21,6,31
Running,8/27/2023 06:36,FALSE,Running,8.26,474,00:50:01,157,184,4.9,187,199,06:04,04:55,36,45,0.88,0,0,0,0,0,0,0,0,0,0,0,--,00:00,0,00:00,No,01:28.1,9,0,8.26,45,00:49:49,00:55:22,7,31
Running,10/20/2023 10:53,FALSE,Running,8.08,476,00:49:15,157,179,4.4,193,208,06:06,04:47,26,31,0.85,0,0,0,0,0,0,0,0,0,0,0,--,00:00,0,00:00,No,00:22.3,9,0,8.08,31,00:49:11,00:57:05,7,27
Running,3/6/2023 06:35,FALSE,Carrera,8.47,477,00:52:12,154,176,5,191,201,06:10,05:10,37,41,0.85,0,0,0,0,0,0,0,0,0,0,0,--,00:00,0,00:00,No,02:21.5,6,0,8.47,41,00:51:32,00:54:19,7,31
Running,12/11/2022 07:05,FALSE,Carrera,8.47,477,00:51:09,154,172,4.6,193,204,06:02,04:42,33,34,0.86,0,0,0,0,0,0,0,0,0,0,0,--,00:00,0,00:00,No,02:21.9,6,0,8.47,34,00:49:30,00:52:48,7,27
Running,12/5/2022 07:04,FALSE,Carrera,8.13,477,00:50:39,155,176,4.7,190,201,06:14,04:39,48,46,0.84,0,0,0,0,0,0,0,0,0,0,0,--,00:00,0,00:00,No,00:24.9,6,0,8.13,46,00:50:05,00:52:08,7,31
Running,9/22/2023 06:20,FALSE,Running,8.29,478,00:51:20,151,173,4.5,189,206,06:12,05:06,49,57,0.85,0,0,0,0,0,0,0,0,0,0,0,--,00:00,0,00:00,No,01:31.7,9,0,8.29,57,00:51:17,00:54:09,6,31
Running,2/18/2024 06:02,FALSE,Running,8.05,479,00:51:20,142,163,3.7,189,240,06:23,05:18,47,48,0.83,0,0,0,0,0,0,0,0,0,0,0,--,00:00,0,00:00,No,00:15.2,9,0,8.05,48,00:50:56,00:55:34,7,31
Pilates,4/30/2023 08:39,FALSE,Pilates,0,479,04:32:50,75,113,0.2,--,--,--,--,--,--,0,0,0,0,0,0,0,0,0,0,0,--,1,00:00,0,00:00,No,32:50.0,1,0,0,--,04:32:50,04:32:50,--,--
Running,12/31/2023 06:06,FALSE,Running,8.11,481,00:48:34,151,178,4.3,190,203,05:59,04:31,42,50,0.88,0,0,0,0,0,0,0,0,0,0,0,--,00:00,0,00:00,No,00:30.3,9,0,8.11,50,00:48:29,00:50:44,7,31
Running,5/10/2022 07:53,FALSE,Carrera,7.71,483,00:59:25,157,174,5,155,201,07:43,05:35,31,32,0.84,0,0,0,0,0,0,0,0,0,0,0,--,00:00,0,00:00,No,10:14.5,5,0,7.71,32,00:58:27,00:59:25,52,70
Running,7/10/2023 06:36,FALSE,Running,8.28,484,00:52:26,153,175,4.2,185,196,06:20,05:25,35,42,0.85,0,0,0,0,0,0,0,0,0,0,0,--,00:00,0,00:00,No,01:31.2,9,0,8.28,42,00:52:21,00:55:59,6,31
Running,2/20/2024 06:05,FALSE,Running,8.16,485,00:50:23,148,170,3.9,193,203,06:10,04:57,35,45,0.84,0,0,0,0,0,0,0,0,0,0,0,--,00:00,0,00:00,No,00:48.7,9,0,8.16,45,00:50:18,00:53:57,7,31
Running,10/3/2022 08:13,FALSE,Carrera,8.47,485,00:58:35,158,178,5,175,201,06:55,05:03,55,55,0.83,0,0,0,0,0,0,0,0,0,0,0,--,00:00,0,00:00,No,03:08.9,6,0,8.47,55,00:57:50,01:02:45,6,57
Running,9/15/2022 07:45,FALSE,Carrera,8.24,485,00:57:29,161,178,5,179,245,06:58,05:27,42,40,0.81,0,0,0,0,0,0,0,0,0,0,0,--,00:00,0,00:00,No,00:00.9,9,0,8.24,40,00:57:08,00:59:23,7,34
Running,6/23/2022 06:38,FALSE,Carrera,8.13,485,01:00:29,155,177,4.3,174,226,07:26,06:21,23,27,0.77,0,0,0,0,0,0,0,0,0,0,0,--,00:00,0,00:00,No,00:31.1,6,0,8.13,27,01:00:16,01:00:29,52,70
Running,4/18/2023 07:17,FALSE,Running,9.29,486,00:54:30,145,164,4,194,204,05:52,04:52,44,51,0.88,0,0,0,0,0,0,0,0,0,0,0,--,00:00,0,00:00,No,06:42.8,6,0,9.29,51,00:54:21,01:01:59,6,31
Running,5/30/2022 07:03,FALSE,Carrera,8.06,487,01:00:14,159,175,4.4,172,199,07:28,06:12,64,75,0.78,0,0,0,0,0,0,0,0,0,0,0,--,00:00,0,00:00,No,02:09.1,6,0,8.06,75,00:59:43,01:02:03,43,69
Running,12/29/2022 07:09,FALSE,Carrera,8.27,490,00:55:40,147,164,3.9,188,201,06:44,05:40,68,43,0.79,0,0,0,0,0,0,0,0,0,0,0,--,00:00,0,00:00,No,01:16.6,6,0,8.27,43,00:55:19,00:59:27,-7,31
Running,12/9/2021 08:31,FALSE,Carrera,8.02,490,00:53:02,158,183,5,175,248,06:37,05:33,44,44,0.86,0,0,0,0,0,0,0,0,0,0,0,--,00:00,0,00:00,No,09:49.8,5,0,8.02,44,00:52:16,00:59:34,49,70
Running,1/7/2024 06:06,FALSE,Running,8.31,491,00:47:46,154,177,4.7,195,210,05:45,04:52,43,50,0.89,0,0,0,0,0,0,0,0,0,0,0,--,00:00,0,00:00,No,01:31.9,9,0,8.31,50,00:47:42,00:49:55,7,31
Running,7/9/2022 19:08,FALSE,Carrera,8.2,491,00:58:56,156,173,4.7,171,231,07:11,05:46,35,27,0.82,0,0,0,0,0,0,0,0,0,0,0,--,00:00,0,00:00,No,01:49.7,6,0,8.2,27,00:58:05,01:05:31,5,26
Running,6/13/2022 06:57,FALSE,Carrera,8.01,491,01:00:32,160,176,4.5,172,196,07:34,06:34,63,63,0.77,0,0,0,0,0,0,0,0,0,0,0,--,00:00,0,00:00,No,11:36.7,5,0,8.01,63,01:00:07,01:02:12,43,68
Running,12/19/2022 07:20,FALSE,Carrera,8.42,492,00:52:43,153,174,4.7,192,204,06:16,04:30,33,40,0.83,0,0,0,0,0,0,0,0,0,0,0,--,00:00,0,00:00,No,01:55.2,6,0,8.42,40,00:52:30,00:54:48,10,31
Running,5/26/2022 07:03,FALSE,Carrera,8.02,492,01:00:34,159,182,4.9,162,241,07:33,05:55,65,64,0.82,0,0,0,0,0,0,0,0,0,0,0,--,00:00,0,00:00,No,11:19.8,5,0,8.02,64,01:00:06,01:04:07,42,71
Running,4/28/2023 07:07,FALSE,Running,9.29,493,00:53:23,152,176,4.5,189,204,05:45,04:44,46,52,0.92,0,0,0,0,0,0,0,0,0,0,0,--,00:00,0,00:00,No,06:46.4,6,0,9.29,52,00:53:21,00:58:43,6,31
Running,12/8/2022 07:05,FALSE,Carrera,8.85,493,00:54:43,148,163,4.2,191,203,06:11,04:44,30,25,0.85,0,0,0,0,0,0,0,0,0,0,0,--,00:00,0,00:00,No,04:38.7,6,0,8.85,25,00:54:37,00:57:08,6,31
Running,5/7/2023 07:06,FALSE,Running,9.31,495,00:53:05,144,163,4.6,189,201,05:42,04:04,34,34,0.93,0,0,0,0,0,0,0,0,0,0,0,--,00:00,0,00:00,No,06:24.9,6,0,9.31,34,00:52:38,00:56:22,14,37
Running,12/18/2022 07:03,FALSE,Carrera,8.51,496,00:54:34,152,167,4.3,192,204,06:25,04:58,35,44,0.81,0,0,0,0,0,0,0,0,0,0,0,--,00:00,0,00:00,No,02:35.1,6,0,8.51,44,00:54:26,00:56:37,7,31
Running,12/4/2022 07:06,FALSE,Carrera,8.43,497,00:54:30,150,169,4.5,190,201,06:28,05:09,31,24,0.81,0,0,0,0,0,0,0,0,0,0,0,--,00:00,0,00:00,No,02:10.9,6,0,8.43,24,00:54:27,00:56:46,7,31
Running,4/2/2022 19:49,FALSE,Carrera,8.23,500,01:05:00,156,187,5,148,245,07:54,05:27,58,59,0.86,0,0,0,0,0,0,0,0,0,0,0,--,00:00,0,00:00,No,00:03.5,7,0,8.23,59,01:02:07,01:05:00,51,70
Running,6/22/2023 06:51,FALSE,Running,9.26,501,00:53:10,152,178,4.5,189,203,05:45,04:14,45,53,0.92,0,0,0,0,0,0,0,0,0,0,0,--,00:00,0,00:00,No,06:01.9,6,0,9.26,53,00:53:08,00:58:21,7,31
Running,12/9/2022 07:29,FALSE,Carrera,8.95,502,00:53:02,157,174,4.8,192,210,05:56,04:24,39,26,0.88,0,0,0,0,0,0,0,0,0,0,0,--,00:00,0,00:00,No,04:58.1,6,0,8.95,26,00:52:45,00:56:13,7,31
Running,9/26/2022 06:33,FALSE,Carrera,9.37,502,01:03:27,149,175,4.5,184,201,06:46,04:44,67,55,0.8,0,0,0,0,0,0,0,0,0,0,0,--,00:00,0,00:00,No,07:58.3,6,0,9.37,55,01:02:51,01:18:17,7,66
Running,3/1/2023 06:53,FALSE,Carrera,8.41,503,00:52:06,159,185,5,193,201,06:12,04:53,51,56,0.84,0,0,0,0,0,0,0,0,0,0,0,--,00:00,0,00:00,No,01:55.5,6,0,8.41,56,00:52:04,00:55:28,6,31
Running,11/22/2022 07:06,FALSE,Carrera,8.47,504,00:56:01,151,167,4.4,191,203,06:37,05:05,28,34,0.79,0,0,0,0,0,0,0,0,0,0,0,--,00:00,0,00:00,No,02:22.1,6,0,8.47,34,00:55:33,00:57:52,6,27
Running,1/8/2023 07:02,FALSE,Carrera,8.63,506,00:54:18,149,164,4.4,191,201,06:17,04:41,41,41,0.83,0,0,0,0,0,0,0,0,0,0,0,--,00:00,0,00:00,No,03:07.8,6,0,8.63,41,00:53:51,00:56:29,7,31
Running,6/20/2023 06:05,FALSE,Running,9.39,509,00:53:26,152,172,4.6,192,201,05:42,04:24,51,58,0.91,0,0,0,0,0,0,0,0,0,0,0,--,00:00,0,00:00,No,07:14.9,6,0,9.39,58,00:53:21,00:57:20,7,31
Running,10/27/2022 07:18,FALSE,Carrera,9.02,510,01:01:45,153,169,4.5,184,200,06:51,05:30,60,66,0.79,0,0,0,0,0,0,0,0,0,0,0,--,00:00,0,00:00,No,06:12.6,6,0,9.02,66,01:01:17,01:04:37,7,33
Running,1/4/2023 06:47,FALSE,Carrera,8.68,511,00:54:49,149,163,4.4,192,203,06:19,05:07,44,51,0.83,0,0,0,0,0,0,0,0,0,0,0,--,00:00,0,00:00,No,03:29.0,6,0,8.68,51,00:54:45,00:56:04,7,31
Running,3/22/2023 06:54,FALSE,Carrera,9.46,512,00:53:56,150,170,5,195,203,05:42,04:34,63,63,0.9,0,0,0,0,0,0,0,0,0,0,0,--,00:00,0,00:00,No,07:32.2,6,0,9.46,63,00:53:33,00:58:58,7,31
Running,11/27/2022 07:06,FALSE,Carrera,8.64,512,00:54:57,153,166,4.6,194,204,06:21,05:16,27,36,0.81,0,0,0,0,0,0,0,0,0,0,0,--,00:00,0,00:00,No,03:34.0,6,0,8.64,36,00:54:52,00:56:40,7,27
Running,6/28/2023 06:06,FALSE,Running,9.39,513,00:54:32,151,177,4.6,188,201,05:48,04:32,73,55,0.91,0,0,0,0,0,0,0,0,0,0,0,--,00:00,0,00:00,No,01:50.7,10,0,9.39,55,00:54:28,00:58:12,-2,31
Running,4/16/2023 07:18,FALSE,Running,9.29,513,00:55:55,137,157,4.4,194,204,06:01,04:44,56,65,0.86,0,0,0,0,0,0,0,0,0,0,0,--,00:00,0,00:00,No,06:54.7,6,0,9.29,65,00:55:48,01:03:28,7,31
Running,7/16/2022 19:40,FALSE,Carrera,9.03,513,01:00:24,157,172,4.9,180,207,06:41,05:41,38,41,0.83,0,0,0,0,0,0,0,0,0,0,0,--,00:00,0,00:00,No,06:38.0,6,0,9.03,41,01:00:18,01:02:34,0,27
Running,9/19/2023 06:05,FALSE,Running,9.3,516,00:53:40,157,175,4.7,191,201,05:46,04:42,42,50,0.91,0,0,0,0,0,0,0,0,0,0,0,--,00:00,0,00:00,No,01:25.6,10,0,9.3,50,00:53:36,00:58:33,7,31
Running,2/8/2024 06:47,FALSE,Running,8.73,517,00:52:31,152,172,4.2,194,201,06:01,05:07,58,54,0.86,0,0,0,0,0,0,0,0,0,0,0,--,00:00,0,00:00,No,04:00.2,9,0,8.73,54,00:52:28,00:53:27,7,31
Running,12/5/2023 06:05,FALSE,Running,8.8,517,00:50:52,157,178,4.4,195,206,05:47,04:41,47,53,0.89,0,0,0,0,0,0,0,0,0,0,0,--,00:00,0,00:00,No,04:11.1,9,0,8.8,53,00:50:48,00:55:03,7,31
Running,3/16/2023 06:34,FALSE,Carrera,9.42,517,00:56:23,157,180,5,192,204,05:59,05:00,50,54,0.87,0,0,0,0,0,0,0,0,0,0,0,--,00:00,0,00:00,No,07:35.4,6,0,9.42,54,00:56:17,01:02:21,7,31
Running,9/26/2023 06:46,FALSE,Running,9.35,518,00:54:46,150,174,4.5,191,204,05:51,04:42,50,58,0.89,0,0,0,0,0,0,0,0,0,0,0,--,00:00,0,00:00,No,01:38.6,10,0,9.35,58,00:54:42,00:59:36,7,31
Running,3/28/2023 06:54,FALSE,Carrera,9.38,519,00:55:06,139,160,4.9,190,202,05:52,04:31,48,53,0.89,0,0,0,0,0,0,0,0,0,0,0,--,00:00,0,00:00,No,06:54.8,6,0,9.38,53,00:55:05,01:00:49,7,31
Running,3/20/2023 06:52,FALSE,Carrera,9.61,519,00:56:20,147,166,4.8,194,206,05:52,04:47,52,60,0.88,0,0,0,0,0,0,0,0,0,0,0,--,00:00,0,00:00,No,08:39.9,6,0,9.61,60,00:56:08,01:00:36,7,31
Running,10/5/2022 06:34,FALSE,Carrera,9.2,519,01:03:42,155,169,5,187,199,06:56,05:15,41,50,0.77,0,0,0,0,0,0,0,0,0,0,0,--,00:00,0,00:00,No,07:28.0,6,0,9.2,50,01:03:35,01:05:18,16,37
Running,11/16/2023 06:35,FALSE,Running,9.28,521,00:54:25,147,168,4.2,195,203,05:52,05:06,50,59,0.87,0,0,0,0,0,0,0,0,0,0,0,--,00:00,0,00:00,No,01:30.0,10,0,9.28,59,00:54:23,01:01:42,7,35
Running,7/23/2023 06:36,FALSE,Running,9.33,521,00:58:29,145,169,3.9,186,198,06:16,05:09,60,68,0.86,0,0,0,0,0,0,0,0,0,0,0,--,00:00,0,00:00,No,01:43.0,10,0,9.33,68,00:58:22,01:03:55,7,31
Running,5/23/2023 06:52,FALSE,Running,9.46,521,00:55:50,148,171,4.5,191,204,05:54,04:35,46,50,0.88,0,0,0,0,0,0,0,0,0,0,0,--,00:00,0,00:00,No,07:36.4,6,0,9.46,50,00:55:39,00:59:44,7,31
Running,3/8/2023 06:53,FALSE,Carrera,9.54,521,00:54:45,156,182,5,192,203,05:44,04:25,45,51,0.91,0,0,0,0,0,0,0,0,0,0,0,--,00:00,0,00:00,No,07:55.4,6,0,9.54,51,00:54:43,00:59:50,7,31
Running,3/9/2023 06:53,FALSE,Carrera,9.47,522,00:55:54,156,176,5,191,201,05:54,04:44,51,52,0.89,0,0,0,0,0,0,0,0,0,0,0,--,00:00,0,00:00,No,07:56.6,6,0,9.47,52,00:55:45,01:00:56,7,31
Running,3/14/2023 06:57,FALSE,Carrera,9.35,523,00:57:40,153,170,4.9,191,206,06:10,04:44,48,54,0.85,0,0,0,0,0,0,0,0,0,0,0,--,00:00,0,00:00,No,07:42.9,6,0,9.35,54,00:57:34,01:03:04,6,31
Running,2/11/2024 06:01,FALSE,Running,8.96,524,00:53:46,149,171,4.2,193,201,06:00,05:00,37,33,0.86,0,0,0,0,0,0,0,0,0,0,0,--,00:00,0,00:00,No,05:10.5,9,0,8.96,33,00:53:43,00:55:01,7,31
Running,3/18/2023 06:37,FALSE,Carrera,9.26,524,00:55:55,150,171,4.9,190,204,06:02,05:09,55,64,0.87,0,0,0,0,0,0,0,0,0,0,0,--,00:00,0,00:00,No,06:59.9,6,0,9.26,64,00:55:54,01:02:29,7,31
Running,11/5/2023 06:34,FALSE,Running,9.5,526,00:55:56,152,169,4.3,193,203,05:53,04:38,50,101,0.88,0,0,0,0,0,0,0,0,0,0,0,--,00:00,0,00:00,No,02:30.4,10,0,9.5,101,00:55:50,01:00:00,7,71
Running,3/13/2023 06:56,FALSE,Carrera,9.34,526,00:57:44,148,171,4.8,193,236,06:11,04:56,53,59,0.84,0,0,0,0,0,0,0,0,0,0,0,--,00:00,0,00:00,No,07:35.9,6,0,9.34,59,00:57:32,01:03:11,7,31
Running,3/7/2023 06:59,FALSE,Carrera,9.47,526,00:57:37,138,159,5,190,204,06:05,04:15,49,56,0.86,0,0,0,0,0,0,0,0,0,0,0,--,00:00,0,00:00,No,07:34.2,6,0,9.47,56,00:57:10,01:01:34,7,31
Running,2/19/2023 08:50,FALSE,Carrera,8.58,527,00:54:21,162,180,5,190,204,06:20,05:25,56,54,0.83,0,0,0,0,0,0,0,0,0,0,0,--,00:00,0,00:00,No,03:25.9,6,0,8.58,54,00:54:10,00:57:28,7,46
Running,10/19/2022 07:55,FALSE,Carrera,9.36,527,01:06:04,148,173,4.5,181,204,07:04,05:41,87,82,0.78,0,0,0,0,0,0,0,0,0,0,0,--,00:00,0,00:00,No,08:47.0,6,0,9.36,82,01:04:40,01:15:21,7,67
Running,3/12/2023 06:56,FALSE,Carrera,9.39,528,00:57:51,152,174,5,191,203,06:10,04:44,41,48,0.85,0,0,0,0,0,0,0,0,0,0,0,--,00:00,0,00:00,No,07:15.3,6,0,9.39,48,00:57:48,01:02:15,7,31
Running,10/8/2023 07:06,FALSE,Running,9.15,529,00:54:29,155,177,4.5,192,203,05:57,04:59,54,60,0.87,0,0,0,0,0,0,0,0,0,0,0,--,00:00,0,00:00,No,00:44.8,10,0,9.15,60,00:54:08,01:06:25,6,35
Running,5/2/2022 07:11,FALSE,Carrera,8.33,532,01:08:33,155,180,5,146,201,08:14,05:37,72,79,0.83,0,0,0,0,0,0,0,0,0,0,0,--,00:00,0,00:00,No,03:01.2,6,0,8.33,79,01:05:03,01:08:33,42,82
Running,9/21/2023 06:05,FALSE,Running,9.57,533,00:56:15,156,182,4.9,191,203,05:53,04:37,62,66,0.89,0,0,0,0,0,0,0,0,0,0,0,--,00:00,0,00:00,No,02:56.8,10,0,9.57,66,00:56:00,01:00:52,7,32
Running,5/22/2023 07:06,FALSE,Running,10.14,534,00:59:52,145,166,4,191,206,05:54,04:16,54,62,0.89,0,0,0,0,0,0,0,0,0,0,0,--,00:00,0,00:00,No,02:10.6,7,0,10.14,62,00:59:40,01:05:28,6,36
Treadmill Running,5/12/2022 09:19,FALSE,Entrenamiento en cinta,5.65,534,01:01:20,161,181,5,150,194,10:51,07:54,--,--,0.61,0,0,0,0,0,0,0,0,0,0,0,--,00:00,0,00:00,No,04:18.7,5,0,5.65,--,00:53:08,01:01:20,--,--
Running,8/23/2023 06:35,FALSE,Running,9.19,535,00:56:22,159,181,5,189,204,06:08,05:01,49,57,0.86,0,0,0,0,0,0,0,0,0,0,0,--,00:00,0,00:00,No,01:01.1,10,0,9.19,57,00:56:00,01:03:41,7,31
Treadmill Running,1/15/2023 08:03,FALSE,Entrenamiento en cinta,7.55,536,01:01:36,148,172,4.2,176,196,08:10,06:03,--,--,0.69,0,0,0,0,0,0,0,0,0,0,0,--,00:00,0,00:00,No,10:52.3,5,0,7.55,--,00:58:41,01:04:07,--,--
Running,4/27/2023 07:04,FALSE,Running,10.03,537,00:58:17,150,171,4.6,192,201,05:49,03:08,48,54,0.89,0,0,0,0,0,0,0,0,0,0,0,--,00:00,0,00:00,No,01:56.5,7,0,10.03,54,00:58:11,01:04:20,7,31
Running,8/22/2023 06:20,FALSE,Running,9.3,540,00:57:46,157,180,5,187,196,06:13,05:30,45,50,0.86,0,0,0,0,0,0,0,0,0,0,0,--,00:00,0,00:00,No,01:41.2,10,0,9.3,50,00:57:26,01:03:39,6,31
Running,10/20/2022 11:32,FALSE,Carrera,9.09,541,01:04:54,157,175,4.8,178,235,07:08,05:41,70,70,0.79,0,0,0,0,0,0,0,0,0,0,0,--,00:00,0,00:00,No,07:30.5,6,0,9.09,70,01:04:07,01:08:51,6,68
Running,8/6/2022 10:09,FALSE,Vila Nova de Gaia Carrera,9.02,541,01:02:16,161,177,5,179,196,06:54,05:50,49,48,0.81,0,0,0,0,0,0,0,0,0,0,0,--,00:00,0,00:00,No,06:37.5,6,0,9.02,48,01:01:39,01:03:04,--,14
Running,9/11/2023 06:36,FALSE,Running,9.38,543,00:58:30,157,175,4.5,191,201,06:14,05:12,45,55,0.84,0,0,0,0,0,0,0,0,0,0,0,--,00:00,0,00:00,No,02:06.5,10,0,9.38,55,00:58:28,01:02:56,7,31
Running,4/3/2023 07:05,FALSE,Carrera,10.35,545,01:00:47,148,165,4.3,192,201,05:52,04:47,68,77,0.89,0,0,0,0,0,0,0,0,0,0,0,--,00:00,0,00:00,No,03:35.9,7,0,10.35,77,01:00:45,01:07:47,7,40
Running,3/27/2023 08:07,FALSE,Carrera,10.22,545,00:59:19,147,165,5,190,201,05:48,04:25,39,42,0.91,0,0,0,0,0,0,0,0,0,0,0,--,00:00,0,00:00,No,02:43.3,7,0,10.22,42,00:59:06,01:01:56,7,30
Running,3/26/2023 06:56,FALSE,Carrera,10.05,545,01:00:51,147,167,4.7,189,201,06:03,05:18,50,52,0.88,0,0,0,0,0,0,0,0,0,0,0,--,00:00,0,00:00,No,02:12.1,7,0,10.05,52,01:00:33,01:02:54,7,31
Running,9/27/2023 06:35,FALSE,Running,10.11,547,00:57:25,157,173,4.8,194,206,05:41,04:50,54,63,0.91,0,0,0,0,0,0,0,0,0,0,0,--,00:00,0,00:00,No,00:31.4,11,0,10.11,63,00:57:18,01:01:30,7,36
Running,4/21/2023 06:36,FALSE,Running,10.02,547,01:01:20,146,163,4.4,191,203,06:07,05:10,42,39,0.85,0,0,0,0,0,0,0,0,0,0,0,--,00:00,0,00:00,No,02:09.1,7,0,10.02,39,01:00:58,01:05:35,12,33
Treadmill Running,5/29/2022 08:38,FALSE,Entrenamiento en cinta,5.48,547,01:03:42,159,179,5,157,196,11:37,08:43,--,--,0.55,0,0,0,0,0,0,0,0,0,0,0,--,00:00,0,00:00,No,00:00.6,6,0,5.48,--,00:58:59,01:03:42,--,--
Running,6/11/2023 07:20,FALSE,Running,10.04,548,00:58:25,151,183,4.4,193,201,05:49,04:41,52,60,0.89,0,0,0,0,0,0,0,0,0,0,0,--,00:00,0,00:00,No,01:52.3,7,0,10.04,60,00:58:22,01:07:58,7,35
Running,4/11/2023 14:18,FALSE,Carrera,10.59,548,00:58:17,156,180,5,196,226,05:30,04:23,66,72,0.93,0,0,0,0,0,0,0,0,0,0,0,--,00:00,0,00:00,No,04:38.7,7,0,10.59,72,00:58:05,01:04:00,7,41
Running,10/17/2022 07:16,FALSE,Carrera,10.27,548,01:15:26,137,157,3.8,186,201,07:21,05:42,39,42,0.73,0,0,0,0,0,0,0,0,0,0,0,--,00:00,0,00:00,No,04:07.0,7,0,10.27,42,01:14:55,01:23:00,8,26
Running,1/14/2024 07:06,FALSE,Running,9.51,549,00:54:24,153,171,4.5,195,206,05:43,04:44,45,46,0.89,0,0,0,0,0,0,0,0,0,0,0,--,00:00,0,00:00,No,02:36.8,10,0,9.51,46,00:54:17,00:59:04,7,31
Running,9/24/2023 07:05,FALSE,Running,10.01,549,01:00:09,151,171,4.2,190,201,06:01,04:59,58,66,0.87,0,0,0,0,0,0,0,0,0,0,0,--,00:00,0,00:00,No,00:02.4,11,0,10.01,66,01:00:05,01:08:27,7,36
Running,6/29/2023 06:06,FALSE,Running,10.09,549,00:57:18,155,178,4.5,192,203,05:41,03:48,59,66,0.92,0,0,0,0,0,0,0,0,0,0,0,--,00:00,0,00:00,No,00:22.3,11,0,10.09,66,00:57:12,01:03:44,7,35
Running,6/2/2023 06:21,FALSE,Running,10.15,549,01:01:14,146,173,4.2,191,204,06:02,04:13,57,62,0.87,0,0,0,0,0,0,0,0,0,0,0,--,00:00,0,00:00,No,02:15.1,7,0,10.15,62,01:01:11,01:06:06,7,36
Running,5/28/2023 07:07,FALSE,Running,10.29,549,01:01:07,145,166,4.2,192,206,05:56,03:55,48,55,0.88,0,0,0,0,0,0,0,0,0,0,0,--,00:00,0,00:00,No,03:13.1,7,0,10.29,55,01:01:04,01:04:17,7,36
Running,5/2/2023 07:05,FALSE,Running,10.04,549,00:59:30,141,157,4.5,191,201,05:55,04:38,56,65,0.88,0,0,0,0,0,0,0,0,0,0,0,--,00:00,0,00:00,No,01:54.4,7,0,10.04,65,00:59:23,01:09:20,7,35
Running,4/30/2023 07:06,FALSE,Running,10.13,550,01:00:49,144,166,4.2,193,204,06:00,04:50,57,66,0.86,0,0,0,0,0,0,0,0,0,0,0,--,00:00,0,00:00,No,02:34.9,7,0,10.13,66,01:00:34,01:08:25,7,36
Running,1/10/2023 06:48,FALSE,Carrera,9.5,550,00:59:20,140,164,4.6,190,201,06:15,04:47,51,57,0.84,0,0,0,0,0,0,0,0,0,0,0,--,00:00,0,00:00,No,08:13.4,6,0,9.5,57,00:59:11,01:02:17,6,31
Running,1/9/2023 07:03,FALSE,Carrera,9.53,550,00:57:21,150,169,4.9,193,203,06:01,04:32,57,55,0.86,0,0,0,0,0,0,0,0,0,0,0,--,00:00,0,00:00,No,08:12.2,6,0,9.53,55,00:56:35,01:00:14,7,31
Running,10/9/2023 07:09,FALSE,Running,9.45,551,00:56:44,160,201,4.7,191,201,06:00,05:07,60,67,0.87,0,0,0,0,0,0,0,0,0,0,0,--,00:00,0,00:00,No,02:34.8,10,0,9.45,67,00:56:35,01:08:51,7,35
Running,5/1/2023 07:06,FALSE,Running,10.01,551,00:59:29,145,171,4.6,190,201,05:57,04:41,51,57,0.89,0,0,0,0,0,0,0,0,0,0,0,--,00:00,0,00:00,No,01:40.6,7,0,10.01,57,00:59:20,01:07:20,7,36
Running,5/23/2022 07:07,FALSE,Carrera,8.68,551,01:10:52,156,179,4.7,152,201,08:10,05:50,78,82,0.81,0,0,0,0,0,0,0,0,0,0,0,--,00:00,0,00:00,No,06:24.8,6,0,8.68,82,01:08:10,01:15:56,43,73
Running,3/31/2022 08:05,FALSE,Carrera,8.36,551,01:09:18,163,205,5,156,242,08:18,05:41,49,48,0.78,0,0,0,0,0,0,0,0,0,0,0,--,00:00,0,00:00,No,04:00.0,6,0,8.36,48,01:07:13,01:09:22,52,70
Running,1/21/2024 06:50,FALSE,Running,9.42,553,00:54:08,150,175,4.3,195,203,05:45,04:55,51,61,0.89,0,0,0,0,0,0,0,0,0,0,0,--,00:00,0,00:00,No,02:10.4,10,0,9.42,61,00:54:07,00:59:41,6,32
Running,10/21/2023 07:02,FALSE,Running,10.01,553,01:05:09,139,162,3.5,191,203,06:30,05:23,53,50,0.81,0,0,0,0,0,0,0,0,0,0,0,--,00:00,0,00:00,No,00:04.5,11,0,10.01,50,01:04:31,01:23:20,1,26
Running,12/21/2022 07:04,FALSE,Carrera,9.47,553,00:59:13,154,175,4.8,193,201,06:15,05:22,39,47,0.83,0,0,0,0,0,0,0,0,0,0,0,--,00:00,0,00:00,No,08:42.4,6,0,9.47,47,00:59:07,01:01:05,10,31
Running,10/4/2023 06:20,FALSE,Running,10.11,554,00:58:18,153,170,4.6,194,208,05:46,04:47,58,66,0.89,0,0,0,0,0,0,0,0,0,0,0,--,00:00,0,00:00,No,00:30.8,11,0,10.11,66,00:58:16,01:01:49,6,35
Running,5/24/2023 07:06,FALSE,Running,10.41,554,01:02:45,144,160,4,193,201,06:02,05:12,40,48,0.86,0,0,0,0,0,0,0,0,0,0,0,--,00:00,0,00:00,No,04:10.9,7,0,10.41,48,01:02:43,01:05:51,6,37
Running,4/4/2023 07:04,FALSE,Carrera,10.01,554,01:00:47,145,172,4.6,188,204,06:04,04:45,48,56,0.87,0,0,0,0,0,0,0,0,0,0,0,--,00:00,0,00:00,No,01:44.2,7,0,10.01,56,01:00:41,01:08:44,7,35
Running,10/8/2022 08:47,FALSE,Carrera,10.01,554,01:06:44,157,177,5,187,226,06:40,05:20,81,77,0.8,0,0,0,0,0,0,0,0,0,0,0,--,00:00,0,00:00,No,02:04.9,7,0,10.01,77,01:06:09,01:09:50,7,68
Running,9/16/2023 07:06,FALSE,Running,10.01,555,01:11:45,139,170,3.4,181,201,07:10,05:04,156,154,0.77,0,0,0,0,0,0,0,0,0,0,0,--,00:00,0,00:00,No,00:01.1,11,0,10.01,154,01:10:56,01:31:09,11,136
Running,9/7/2023 06:35,FALSE,Running,10.1,555,01:00:38,153,175,4.5,192,201,06:00,01:09,57,67,0.87,0,0,0,0,0,0,0,0,0,0,0,--,00:00,0,00:00,No,00:33.2,11,0,10.1,67,01:00:32,01:06:41,7,35
Running,5/29/2023 07:06,FALSE,Running,10.2,555,01:00:15,151,168,4.3,192,201,05:54,04:14,61,68,0.88,0,0,0,0,0,0,0,0,0,0,0,--,00:00,0,00:00,No,02:37.5,7,0,10.2,68,01:00:14,01:03:22,7,35
Running,4/24/2023 07:06,FALSE,Running,10.35,555,01:01:59,137,155,4.3,191,203,05:59,04:38,59,69,0.87,0,0,0,0,0,0,0,0,0,0,0,--,00:00,0,00:00,No,03:33.6,7,0,10.35,69,01:01:56,01:09:43,7,41
Running,4/2/2023 07:08,FALSE,Carrera,10.25,555,00:59:31,148,167,5,196,212,05:48,04:37,62,66,0.88,0,0,0,0,0,0,0,0,0,0,0,--,00:00,0,00:00,No,02:57.3,7,0,10.25,66,00:59:25,01:04:04,7,33
Running,6/25/2023 06:35,FALSE,Running,10.37,557,01:00:52,148,177,4.3,188,203,05:52,03:59,97,65,0.9,0,0,0,0,0,0,0,0,0,0,0,--,00:00,0,00:00,No,02:12.3,11,0,10.37,65,01:00:44,01:09:02,-14,35
Running,3/30/2023 06:54,FALSE,Carrera,10.08,558,01:00:14,146,172,5,187,206,05:58,04:35,58,63,0.89,0,0,0,0,0,0,0,0,0,0,0,--,00:00,0,00:00,No,02:04.1,7,0,10.08,63,01:00:06,01:05:58,6,33
Running,5/16/2023 06:55,FALSE,Running,10.29,559,01:00:35,148,171,4.4,190,206,05:53,03:57,48,57,0.89,0,0,0,0,0,0,0,0,0,0,0,--,00:00,0,00:00,No,03:04.4,7,0,10.29,57,01:00:32,01:05:26,6,37
Running,3/23/2023 06:55,FALSE,Carrera,10.01,559,01:00:41,151,172,4.8,189,203,06:04,05:09,55,64,0.87,0,0,0,0,0,0,0,0,0,0,0,--,00:00,0,00:00,No,01:51.9,7,0,10.01,64,01:00:40,01:07:22,7,31
Running,11/6/2023 06:36,FALSE,Running,10.07,560,00:57:29,156,170,4.7,195,206,05:43,04:39,49,57,0.9,0,0,0,0,0,0,0,0,0,0,0,--,00:00,0,00:00,No,00:19.7,11,0,10.07,57,00:57:11,01:01:30,7,35
Running,10/25/2023 07:11,FALSE,Running,10.1,561,00:57:42,158,175,4.9,195,206,05:43,04:33,51,79,0.9,0,0,0,0,0,0,0,0,0,0,0,--,00:00,0,00:00,No,00:26.9,11,0,10.1,79,00:57:38,01:02:57,7,45
Running,10/1/2023 06:50,FALSE,Running,10.08,561,00:59:30,156,170,4.6,192,210,05:54,05:05,53,61,0.88,0,0,0,0,0,0,0,0,0,0,0,--,00:00,0,00:00,No,00:22.6,11,0,10.08,61,00:59:26,01:03:45,7,35
Running,5/30/2023 07:07,FALSE,Running,10.45,561,01:03:41,143,163,4,189,201,06:06,05:07,36,44,0.87,0,0,0,0,0,0,0,0,0,0,0,--,00:00,0,00:00,No,04:13.8,7,0,10.45,44,01:03:38,01:06:54,6,37
Running,3/3/2023 07:06,FALSE,Carrera,9.33,562,00:58:28,159,173,5,191,204,06:16,05:17,49,57,0.84,0,0,0,0,0,0,0,0,0,0,0,--,00:00,0,00:00,No,07:37.4,6,0,9.33,57,00:58:00,01:02:34,7,31
Treadmill Running,1/19/2023 17:04,FALSE,Entrenamiento en cinta,8.83,562,01:00:38,153,182,4.7,182,199,06:52,05:39,--,--,0.8,0,0,0,0,0,0,0,0,0,0,0,--,00:00,0,00:00,No,04:58.9,6,0,8.83,--,01:00:24,01:00:39,--,--
Running,11/13/2023 06:34,FALSE,Running,10.01,563,00:58:15,152,173,4.4,195,206,05:49,04:28,59,66,0.88,0,0,0,0,0,0,0,0,0,0,0,--,00:00,0,00:00,No,00:03.1,11,0,10.01,66,00:58:12,01:05:43,7,36
Running,9/18/2023 07:11,FALSE,Running,10.2,563,01:00:18,156,174,4.7,195,210,05:55,04:33,48,58,0.87,0,0,0,0,0,0,0,0,0,0,0,--,00:00,0,00:00,No,00:55.2,11,0,10.2,58,01:00:16,01:04:48,7,36
Running,9/8/2023 06:35,FALSE,Running,10.07,563,01:01:46,154,174,4.4,190,201,06:08,05:06,62,70,0.86,0,0,0,0,0,0,0,0,0,0,0,--,00:00,0,00:00,No,00:22.0,11,0,10.07,70,01:01:41,01:09:42,7,35
Running,4/6/2023 07:21,FALSE,Carrera,10.22,563,01:01:17,147,167,4.7,190,204,06:00,04:41,65,72,0.88,0,0,0,0,0,0,0,0,0,0,0,--,00:00,0,00:00,No,02:51.1,7,0,10.22,72,01:01:13,01:10:01,7,40
Running,3/24/2023 06:48,FALSE,Carrera,10.13,563,01:01:21,147,171,4.6,189,201,06:03,04:53,50,58,0.87,0,0,0,0,0,0,0,0,0,0,0,--,00:00,0,00:00,No,02:29.8,7,0,10.13,58,01:01:13,01:09:41,7,31
Treadmill Running,6/3/2022 10:33,FALSE,Entrenamiento en cinta,6.51,563,01:05:24,158,173,5,165,192,10:02,08:30,--,--,0.6,0,0,0,0,0,0,0,0,0,0,0,--,00:00,0,00:00,No,00:50.1,5,0,6.51,--,01:02:47,01:05:24,--,--
Running,11/7/2022 07:32,FALSE,Carrera,9.31,564,01:00:49,158,177,5,187,210,06:32,05:18,80,83,0.82,0,0,0,0,0,0,0,0,0,0,0,--,00:00,0,00:00,No,08:20.9,6,0,9.31,83,00:59:38,01:03:17,7,57
Running,11/27/2023 07:14,FALSE,Running,9.84,565,00:56:26,150,184,4.5,194,206,05:44,04:32,62,70,0.9,0,0,0,0,0,0,0,0,0,0,0,--,00:00,0,00:00,No,04:34.0,10,0,9.84,70,00:56:19,01:04:55,7,35
Running,11/21/2023 06:21,FALSE,Running,10.04,565,00:59:11,149,172,4.4,191,206,05:54,04:04,51,59,0.89,0,0,0,0,0,0,0,0,0,0,0,--,00:00,0,00:00,No,00:10.1,11,0,10.04,59,00:59:02,01:05:20,7,35
Running,6/7/2023 07:23,FALSE,Running,10.15,565,01:01:03,152,169,4.4,193,236,06:01,05:10,52,61,0.86,0,0,0,0,0,0,0,0,0,0,0,--,00:00,0,00:00,No,02:49.7,7,0,10.15,61,01:01:00,01:06:26,7,36
Running,10/22/2023 07:07,FALSE,Running,10.12,566,00:59:56,151,181,4.4,195,206,05:55,04:31,62,71,0.87,0,0,0,0,0,0,0,0,0,0,0,--,00:00,0,00:00,No,00:33.8,11,0,10.12,71,00:59:51,01:05:25,7,36
Running,10/7/2023 07:12,FALSE,Running,10.12,566,00:59:26,153,172,4.6,195,210,05:52,04:41,61,70,0.87,0,0,0,0,0,0,0,0,0,0,0,--,00:00,0,00:00,No,00:36.6,11,0,10.12,70,00:59:22,01:03:45,6,36
Running,9/1/2023 06:21,FALSE,Running,9.92,566,01:00:51,155,178,4.7,188,198,06:08,05:04,74,59,0.86,0,0,0,0,0,0,0,0,0,0,0,--,00:00,0,00:00,No,05:08.7,10,0,9.92,59,01:00:47,01:09:33,2,36
Running,2/14/2024 08:00,FALSE,Running,9.62,567,00:56:04,147,170,4.5,193,203,05:50,04:54,48,49,0.89,0,0,0,0,0,0,0,0,0,0,0,--,00:00,0,00:00,No,03:09.9,10,0,9.62,49,00:56:02,01:01:41,6,31
Running,10/29/2023 06:35,FALSE,Running,10.17,567,00:59:30,154,172,4.5,194,204,05:51,04:47,47,50,0.88,0,0,0,0,0,0,0,0,0,0,0,--,00:00,0,00:00,No,00:50.8,11,0,10.17,50,00:59:09,01:05:02,7,35
Running,5/14/2023 07:05,FALSE,Running,10.11,567,01:00:19,147,178,4.6,190,201,05:58,04:20,54,60,0.88,0,0,0,0,0,0,0,0,0,0,0,--,00:00,0,00:00,No,02:08.2,7,0,10.11,60,01:00:18,01:05:58,6,36
Running,4/5/2023 07:06,FALSE,Carrera,10.42,567,01:01:25,148,170,4.9,193,206,05:53,04:55,68,76,0.88,0,0,0,0,0,0,0,0,0,0,0,--,00:00,0,00:00,No,04:04.1,7,0,10.42,76,01:01:22,01:06:54,7,40
Running,12/20/2022 07:04,FALSE,Carrera,9.57,567,00:59:57,152,169,4.8,191,202,06:16,05:26,53,50,0.84,0,0,0,0,0,0,0,0,0,0,0,--,00:00,0,00:00,No,09:18.0,6,0,9.57,50,00:59:37,01:02:49,7,31
Running,11/20/2023 07:35,FALSE,Running,10.12,568,01:00:31,144,165,4.2,194,203,05:59,04:59,61,67,0.86,0,0,0,0,0,0,0,0,0,0,0,--,00:00,0,00:00,No,00:36.3,11,0,10.12,67,01:00:23,01:07:11,7,36
Running,11/12/2023 06:36,FALSE,Running,10.16,568,00:58:12,154,178,4.7,195,203,05:44,04:35,64,72,0.9,0,0,0,0,0,0,0,0,0,0,0,--,00:00,0,00:00,No,00:44.8,11,0,10.16,72,00:58:07,01:02:16,6,36
Running,9/15/2023 06:50,FALSE,Running,10.09,568,01:00:37,159,181,4.5,189,201,06:00,05:12,46,56,0.88,0,0,0,0,0,0,0,0,0,0,0,--,00:00,0,00:00,No,00:28.3,11,0,10.09,56,01:00:29,01:09:28,7,36
Running,9/14/2023 06:36,FALSE,Running,10.14,568,01:01:43,155,178,4.5,189,201,06:05,04:53,58,67,0.87,0,0,0,0,0,0,0,0,0,0,0,--,00:00,0,00:00,No,00:39.7,11,0,10.14,67,01:01:26,01:09:27,7,36
Running,3/15/2023 07:09,FALSE,Carrera,10.36,568,01:00:09,161,176,5,196,213,05:48,04:28,60,65,0.88,0,0,0,0,0,0,0,0,0,0,0,--,00:00,0,00:00,No,03:34.9,7,0,10.36,65,00:59:49,01:03:41,7,35
Running,2/4/2024 07:02,FALSE,Running,9.65,569,00:58:43,148,168,4.3,193,203,06:05,04:38,53,59,0.85,0,0,0,0,0,0,0,0,0,0,0,--,00:00,0,00:00,No,03:26.5,10,0,9.65,59,00:58:32,01:01:51,7,31
Running,12/4/2023 06:35,FALSE,Running,10.02,569,00:57:18,151,174,4.3,194,203,05:43,04:37,50,57,0.9,0,0,0,0,0,0,0,0,0,0,0,--,00:00,0,00:00,No,00:05.1,11,0,10.02,57,00:57:12,01:03:29,7,36
Running,11/22/2023 07:10,FALSE,Running,10.13,569,00:59:31,155,184,4.3,194,203,05:52,03:42,60,69,0.88,0,0,0,0,0,0,0,0,0,0,0,--,00:00,0,00:00,No,00:39.5,11,0,10.13,69,00:59:26,01:07:24,6,36
Running,4/25/2023 06:36,FALSE,Running,10.4,569,01:01:12,146,171,4.8,193,206,05:53,04:39,59,66,0.88,0,0,0,0,0,0,0,0,0,0,0,--,00:00,0,00:00,No,03:59.9,7,0,10.4,66,01:01:06,01:07:33,7,41
Running,9/5/2023 06:36,FALSE,Running,9.91,570,01:00:22,163,181,5,192,201,06:05,05:10,58,65,0.86,0,0,0,0,0,0,0,0,0,0,0,--,00:00,0,00:00,No,05:13.6,10,0,9.91,65,01:00:19,01:06:47,7,35
Running,7/2/2023 06:06,FALSE,Running,10.31,570,01:01:34,150,181,4.3,187,199,05:58,05:12,59,66,0.89,0,0,0,0,0,0,0,0,0,0,0,--,00:00,0,00:00,No,01:53.5,11,0,10.31,66,01:01:28,01:08:01,7,35
Running,5/31/2023 07:06,FALSE,Running,10.43,570,01:04:09,140,167,4.1,191,204,06:09,04:53,45,54,0.85,0,0,0,0,0,0,0,0,0,0,0,--,00:00,0,00:00,No,04:09.6,7,0,10.43,54,01:04:07,01:06:37,7,37
Running,5/20/2023 07:05,FALSE,Running,10.74,570,00:59:37,149,169,4.9,196,210,05:33,04:23,68,73,0.92,0,0,0,0,0,0,0,0,0,0,0,--,00:00,0,00:00,No,05:25.5,7,0,10.74,73,00:59:30,01:04:59,6,41
Running,10/14/2022 07:36,FALSE,Carrera,10.02,570,01:10:04,152,172,5,183,206,07:00,05:27,84,82,0.78,0,0,0,0,0,0,0,0,0,0,0,--,00:00,0,00:00,No,02:03.7,7,0,10.02,82,01:09:31,01:13:39,7,68
Running,9/13/2023 06:35,FALSE,Running,10,571,01:00:32,161,178,4.7,191,202,06:03,04:47,56,63,0.87,0,0,0,0,0,0,0,0,0,0,0,--,00:00,0,00:00,No,05:23.0,10,0,10,63,01:00:22,01:08:55,7,35
Running,6/15/2023 06:39,FALSE,Running,10.33,571,01:01:38,152,173,4.6,189,201,05:58,04:53,36,45,0.89,0,0,0,0,0,0,0,0,0,0,0,--,00:00,0,00:00,No,03:44.6,7,0,10.33,45,01:01:34,01:05:08,7,45
Running,5/21/2023 07:06,FALSE,Running,10.28,571,01:00:07,145,164,4.8,192,204,05:51,04:20,58,66,0.89,0,0,0,0,0,0,0,0,0,0,0,--,00:00,0,00:00,No,03:07.7,7,0,10.28,66,01:00:06,01:04:14,7,35
Running,5/9/2023 07:06,FALSE,Running,10.55,571,01:02:34,145,165,4.5,191,201,05:56,05:05,59,71,0.88,0,0,0,0,0,0,0,0,0,0,0,--,00:00,0,00:00,No,05:03.5,7,0,10.55,71,01:02:31,01:05:23,7,37
Running,11/23/2022 07:10,FALSE,Carrera,9.53,571,01:04:22,150,165,4.3,192,203,06:45,05:18,49,56,0.77,0,0,0,0,0,0,0,0,0,0,0,--,00:00,0,00:00,No,09:48.6,6,0,9.53,56,01:04:04,01:06:46,7,27
Running,10/15/2022 08:14,FALSE,Carrera,10.03,571,01:11:43,150,170,4.9,182,245,07:09,05:04,82,77,0.77,0,0,0,0,0,0,0,0,0,0,0,--,00:00,0,00:00,No,02:20.5,7,0,10.03,77,01:09:37,01:20:12,7,68
Running,8/19/2023 06:20,FALSE,Running,10,572,01:11:50,145,172,4.1,184,198,07:11,05:41,62,69,0.76,0,0,0,0,0,0,0,0,0,0,0,--,00:00,0,00:00,No,06:50.2,10,0,10,69,01:11:20,01:24:20,7,57
Running,1/10/2024 07:05,FALSE,Running,10.2,573,00:56:48,149,164,4.7,196,208,05:34,04:30,49,59,0.91,0,0,0,0,0,0,0,0,0,0,0,--,00:00,0,00:00,No,00:52.1,11,0,10.2,59,00:55:38,01:01:56,7,36
Running,11/14/2023 06:36,FALSE,Running,10.04,573,00:59:07,154,183,4.5,195,206,05:53,04:01,63,70,0.87,0,0,0,0,0,0,0,0,0,0,0,--,00:00,0,00:00,No,00:08.4,11,0,10.04,70,00:59:02,01:06:08,7,35
Running,1/1/2023 07:03,FALSE,Carrera,9.72,573,01:01:26,149,165,4.5,191,199,06:19,05:29,416,47,0.83,0,0,0,0,0,0,0,0,0,0,0,--,00:00,0,00:00,No,00:21.8,7,0,9.72,47,01:01:03,01:02:46,-350,31
Running,7/16/2023 06:05,FALSE,Running,10.14,574,01:01:30,153,174,4.4,187,199,06:04,05:08,66,73,0.88,0,0,0,0,0,0,0,0,0,0,0,--,00:00,0,00:00,No,00:43.8,11,0,10.14,73,01:01:21,01:08:49,7,37
Running,6/30/2023 06:21,FALSE,Running,10.53,574,01:03:19,146,166,4.1,191,203,06:01,04:31,57,64,0.87,0,0,0,0,0,0,0,0,0,0,0,--,00:00,0,00:00,No,02:58.8,11,0,10.53,64,01:03:13,01:10:38,7,41
Running,4/10/2023 07:06,FALSE,Carrera,10.73,574,01:02:44,152,169,4.9,197,215,05:51,04:47,65,109,0.87,0,0,0,0,0,0,0,0,0,0,0,--,00:00,0,00:00,No,05:39.1,7,0,10.73,109,01:02:35,01:07:25,7,62
Running,10/22/2022 08:26,FALSE,Carrera,10.05,574,01:09:56,154,170,4.7,188,208,06:58,05:15,119,117,0.76,0,0,0,0,0,0,0,0,0,0,0,--,00:00,0,00:00,No,02:23.4,7,0,10.05,117,01:09:29,01:13:40,7,67
Running,10/15/2023 07:05,FALSE,Running,10.28,575,01:01:34,152,173,4.4,194,203,05:59,04:49,57,63,0.86,0,0,0,0,0,0,0,0,0,0,0,--,00:00,0,00:00,No,01:21.8,11,0,10.28,63,01:01:30,01:07:27,6,37
Running,10/9/2022 07:20,FALSE,Carrera,10.3,575,01:10:38,152,170,4.8,190,201,06:52,05:10,71,78,0.77,0,0,0,0,0,0,0,0,0,0,0,--,00:00,0,00:00,No,04:05.2,7,0,10.3,78,01:09:59,01:15:11,7,67
Running,11/29/2023 07:06,FALSE,Running,9.89,576,00:56:37,160,184,4.6,196,206,05:43,04:41,49,57,0.89,0,0,0,0,0,0,0,0,0,0,0,--,00:00,0,00:00,No,04:42.1,10,0,9.89,57,00:56:30,01:04:42,7,36
Running,9/4/2023 06:21,FALSE,Running,10.23,577,01:01:14,158,180,5,190,201,05:59,05:11,57,64,0.88,0,0,0,0,0,0,0,0,0,0,0,--,00:00,0,00:00,No,01:14.7,11,0,10.23,64,01:01:06,01:06:15,7,41
Running,5/10/2023 07:05,FALSE,Running,10.26,577,01:02:52,143,164,4.5,187,201,06:08,05:01,48,57,0.87,0,0,0,0,0,0,0,0,0,0,0,--,00:00,0,00:00,No,03:34.5,7,0,10.26,57,01:02:26,01:09:35,7,37
Running,10/10/2022 06:52,FALSE,Carrera,10.3,577,01:12:14,151,164,4.6,188,203,07:01,05:31,68,73,0.76,0,0,0,0,0,0,0,0,0,0,0,--,00:00,0,00:00,No,03:56.9,7,0,10.3,73,01:11:33,01:14:55,15,47
Running,10/30/2023 06:36,FALSE,Running,10.24,578,00:59:50,153,175,4.6,193,204,05:51,04:42,49,56,0.89,0,0,0,0,0,0,0,0,0,0,0,--,00:00,0,00:00,No,01:07.7,11,0,10.24,56,00:59:28,01:05:38,7,37
Running,11/28/2023 07:49,FALSE,Running,10.04,580,00:54:57,169,203,5,197,212,05:28,04:20,48,48,0.93,0,0,0,0,0,0,0,0,0,0,0,--,00:00,0,00:00,No,00:10.5,11,0,10.04,48,00:54:52,01:04:54,7,36
Running,11/19/2023 06:35,FALSE,Running,10.12,580,01:02:41,147,170,4.2,192,201,06:12,05:19,48,57,0.84,0,0,0,0,0,0,0,0,0,0,0,--,00:00,0,00:00,No,00:41.9,11,0,10.12,57,01:02:38,01:06:12,7,36
Running,10/24/2023 06:35,FALSE,Running,10.25,580,01:00:05,157,175,4.9,194,203,05:52,04:35,63,71,0.88,0,0,0,0,0,0,0,0,0,0,0,--,00:00,0,00:00,No,01:07.7,11,0,10.25,71,01:00:02,01:03:17,6,38
Running,10/12/2023 07:06,FALSE,Running,10.17,580,01:00:37,156,174,4.6,193,206,05:57,04:55,55,56,0.87,0,0,0,0,0,0,0,0,0,0,0,--,00:00,0,00:00,No,00:55.6,11,0,10.17,56,01:00:13,01:06:45,6,36
Running,5/17/2023 07:07,FALSE,Running,10.68,582,01:06:37,142,161,4,188,201,06:14,04:50,52,58,0.85,0,0,0,0,0,0,0,0,0,0,0,--,00:00,0,00:00,No,05:29.5,7,0,10.68,58,01:06:33,01:10:48,7,37
Running,1/17/2024 07:06,FALSE,Running,10.22,583,00:56:52,157,174,4.7,195,206,05:34,04:19,50,59,0.92,0,0,0,0,0,0,0,0,0,0,0,--,00:00,0,00:00,No,00:58.8,11,0,10.22,59,00:56:50,01:00:53,7,35
Running,10/17/2023 07:05,FALSE,Running,10.07,583,00:59:14,153,179,4.8,194,206,05:53,04:38,67,71,0.87,0,0,0,0,0,0,0,0,0,0,0,--,00:00,0,00:00,No,00:19.1,11,0,10.07,71,00:59:00,01:04:24,7,35
Running,5/8/2023 07:05,FALSE,Running,10.44,584,01:02:27,145,163,4.7,186,201,05:59,05:06,52,63,0.9,0,0,0,0,0,0,0,0,0,0,0,--,00:00,0,00:00,No,04:29.3,7,0,10.44,63,01:02:25,01:06:47,7,37
Running,1/3/2024 07:50,FALSE,Running,10.27,586,00:58:26,148,170,4.6,198,212,05:41,04:05,59,69,0.89,0,0,0,0,0,0,0,0,0,0,0,--,00:00,0,00:00,No,01:09.6,11,0,10.27,69,00:58:13,01:06:19,7,36
Running,7/20/2023 06:06,FALSE,Running,10.09,586,01:03:42,147,169,4.4,185,198,06:19,05:24,55,61,0.85,0,0,0,0,0,0,0,0,0,0,0,--,00:00,0,00:00,No,00:29.1,11,0,10.09,61,01:03:36,01:07:58,7,35
Running,1/6/2023 08:44,FALSE,Carrera,10.01,586,01:00:39,154,177,5,194,210,06:04,04:57,53,59,0.85,0,0,0,0,0,0,0,0,0,0,0,--,00:00,0,00:00,No,01:52.5,7,0,10.01,59,01:00:18,01:05:18,7,32
Running,1/5/2023 07:38,FALSE,Carrera,10.01,586,00:59:56,153,176,5,193,208,05:59,04:32,47,53,0.86,0,0,0,0,0,0,0,0,0,0,0,--,00:00,0,00:00,No,01:51.4,7,0,10.01,53,00:59:41,01:02:39,7,31
Running,6/21/2023 06:36,FALSE,Running,10.65,587,01:01:18,154,176,4.7,189,201,05:45,04:05,49,59,0.92,0,0,0,0,0,0,0,0,0,0,0,--,00:00,0,00:00,No,04:53.0,7,0,10.65,59,01:01:12,01:05:55,7,37
Running,12/6/2023 07:06,FALSE,Running,10.01,589,00:57:15,156,180,4.8,195,206,05:43,04:26,54,62,0.9,0,0,0,0,0,0,0,0,0,0,0,--,00:00,0,00:00,No,00:01.5,11,0,10.01,62,00:57:05,01:04:19,7,35
Running,1/3/2023 08:32,FALSE,Carrera,10.01,591,01:01:01,158,180,5,192,208,06:06,05:02,75,61,0.85,0,0,0,0,0,0,0,0,0,0,0,--,00:00,0,00:00,No,02:01.9,7,0,10.01,61,01:00:28,01:04:44,2,31
Running,2/28/2023 06:52,FALSE,Carrera,9.73,592,01:02:55,161,186,4.9,189,201,06:28,05:16,58,58,0.82,0,0,0,0,0,0,0,0,0,0,0,--,00:00,0,00:00,No,00:24.6,7,0,9.73,58,01:02:40,01:10:12,7,31
Running,10/7/2022 09:54,FALSE,Carrera,9.92,592,01:10:04,163,183,5,177,204,07:04,04:59,77,80,0.8,0,0,0,0,0,0,0,0,0,0,0,--,00:00,0,00:00,No,02:27.0,7,0,9.92,80,01:09:40,01:13:14,6,68
Running,10/3/2023 06:50,FALSE,Running,10.57,593,01:02:20,150,168,4.8,192,226,05:54,05:02,55,58,0.88,0,0,0,0,0,0,0,0,0,0,0,--,00:00,0,00:00,No,02:59.4,11,0,10.57,58,01:02:17,01:06:34,7,36
Running,2/20/2023 06:51,FALSE,Carrera,10.01,593,01:03:45,153,173,5,191,201,06:22,05:12,50,55,0.82,0,0,0,0,0,0,0,0,0,0,0,--,00:00,0,00:00,No,02:02.9,7,0,10.01,55,01:03:37,01:07:19,6,31
Running,2/7/2024 07:04,FALSE,Running,10.1,594,00:59:45,152,172,4.3,194,203,05:55,05:03,57,63,0.87,0,0,0,0,0,0,0,0,0,0,0,--,00:00,0,00:00,No,00:29.8,11,0,10.1,63,00:59:41,01:03:52,7,32
Running,11/15/2022 08:41,FALSE,Carrera,10.06,594,01:05:11,154,173,5,188,213,06:29,04:41,67,75,0.82,0,0,0,0,0,0,0,0,0,0,0,--,00:00,0,00:00,No,02:01.6,7,0,10.06,75,01:04:20,01:08:40,11,59
Running,11/6/2022 08:59,FALSE,Carrera,10.01,594,01:04:11,157,176,5,191,208,06:25,05:01,77,75,0.82,0,0,0,0,0,0,0,0,0,0,0,--,00:00,0,00:00,No,01:58.7,7,0,10.01,75,01:03:42,01:09:30,7,68
Running,10/28/2022 07:22,FALSE,Carrera,10.51,594,01:09:27,154,172,5,188,218,06:37,05:20,52,50,0.8,0,0,0,0,0,0,0,0,0,0,0,--,00:00,0,00:00,No,04:47.3,7,0,10.51,50,01:08:53,01:14:55,--,26
Running,10/25/2022 08:29,FALSE,Carrera,10.44,594,01:11:36,155,173,4.8,187,208,06:52,05:19,94,93,0.78,0,0,0,0,0,0,0,0,0,0,0,--,00:00,0,00:00,No,04:58.3,7,0,10.44,93,01:10:42,01:16:38,6,67
Running,1/8/2024 07:05,FALSE,Running,10.24,595,00:57:44,150,164,4.9,197,206,05:38,04:35,63,68,0.9,0,0,0,0,0,0,0,0,0,0,0,--,00:00,0,00:00,No,01:05.1,11,0,10.24,68,00:57:40,01:01:09,7,35
Running,12/29/2023 07:06,FALSE,Running,10.02,595,00:58:58,158,182,4.6,193,206,05:53,04:07,45,53,0.88,0,0,0,0,0,0,0,0,0,0,0,--,00:00,0,00:00,No,00:04.9,11,0,10.02,53,00:58:56,01:08:45,7,35
Running,4/12/2023 07:33,FALSE,Carrera,10.5,595,01:10:13,138,153,4,194,206,06:41,05:21,66,62,0.77,0,0,0,0,0,0,0,0,0,0,0,--,00:00,0,00:00,No,05:11.7,7,0,10.5,62,01:10:09,01:20:06,7,41
Running,12/25/2022 06:53,FALSE,Carrera,10.08,596,01:02:54,148,168,4.9,194,212,06:14,04:43,56,59,0.83,0,0,0,0,0,0,0,0,0,0,0,--,00:00,0,00:00,No,02:09.5,7,0,10.08,59,01:02:12,01:09:10,7,31
Running,2/21/2024 06:52,FALSE,Running,10.12,598,00:59:47,153,181,4.6,194,208,05:55,04:45,54,63,0.87,0,0,0,0,0,0,0,0,0,0,0,--,00:00,0,00:00,No,00:33.5,11,0,10.12,63,00:59:37,01:05:41,6,31
Running,1/1/2024 07:04,FALSE,Running,10.11,599,00:59:21,150,175,4.6,194,206,05:52,04:38,93,66,0.88,0,0,0,0,0,0,0,0,0,0,0,--,00:00,0,00:00,No,00:28.8,11,0,10.11,66,00:59:17,01:06:41,-11,36
Running,12/12/2023 07:31,FALSE,Running,10.23,599,00:59:52,151,168,4.4,198,208,05:51,04:20,55,63,0.86,0,0,0,0,0,0,0,0,0,0,0,--,00:00,0,00:00,No,01:02.6,11,0,10.23,63,00:59:49,01:04:33,7,36
Running,12/11/2023 06:48,FALSE,Running,10.28,599,01:00:00,145,163,4.5,196,208,05:50,04:38,53,59,0.87,0,0,0,0,0,0,0,0,0,0,0,--,00:00,0,00:00,No,01:18.8,11,0,10.28,59,00:59:55,01:04:03,7,35
Treadmill Running,6/12/2022 08:48,FALSE,Entrenamiento en cinta,6.27,599,01:09:45,159,186,5,157,190,11:08,08:43,--,--,0.57,0,0,0,0,0,0,0,0,0,0,0,--,00:00,0,00:00,No,16:08.9,4,0,6.27,--,01:02:05,01:09:47,--,--
Running,6/16/2023 06:36,FALSE,Running,10.59,600,01:03:23,150,174,4.6,188,201,05:59,04:31,48,56,0.89,0,0,0,0,0,0,0,0,0,0,0,--,00:00,0,00:00,No,04:50.2,7,0,10.59,56,01:03:16,01:08:55,7,37
Running,2/25/2024 07:01,FALSE,Running,10.07,602,01:03:08,146,178,4,192,206,06:16,04:29,60,67,0.83,0,0,0,0,0,0,0,0,0,0,0,--,00:00,0,00:00,No,00:18.4,11,0,10.07,67,01:02:50,01:13:00,7,31
Running,6/26/2023 06:36,FALSE,Running,10.74,602,01:08:44,150,173,4.7,174,201,06:24,04:53,44,51,0.88,0,0,0,0,0,0,0,0,0,0,0,--,00:00,0,00:00,No,05:10.9,11,0,10.74,51,01:04:13,01:16:38,7,37
Running,12/26/2022 13:04,FALSE,Carrera,10.32,602,01:02:39,156,179,5,192,210,06:04,04:29,48,54,0.86,0,0,0,0,0,0,0,0,0,0,0,--,00:00,0,00:00,No,03:42.2,7,0,10.32,54,01:02:22,01:07:03,10,39
Running,12/23/2022 06:50,FALSE,Carrera,10.23,602,01:05:57,148,173,4.8,190,199,06:27,05:22,47,82,0.82,0,0,0,0,0,0,0,0,0,0,0,--,00:00,0,00:00,No,03:24.3,7,0,10.23,82,01:05:40,01:10:11,1,55
Running,2/5/2024 07:05,FALSE,Running,10.26,603,01:02:08,148,167,4.1,194,206,06:04,04:44,51,56,0.85,0,0,0,0,0,0,0,0,0,0,0,--,00:00,0,00:00,No,01:19.7,11,0,10.26,56,01:02:07,01:06:11,7,35
Running,6/30/2022 06:56,FALSE,Carrera,10.04,603,01:14:50,157,176,4.7,178,201,07:27,06:16,71,56,0.75,0,0,0,0,0,0,0,0,0,0,0,--,00:00,0,00:00,No,03:03.0,7,0,10.04,56,01:14:13,01:16:32,42,68
Running,2/12/2024 07:03,FALSE,Running,10.34,604,00:59:10,156,174,4.9,194,203,05:43,04:17,59,68,0.9,0,0,0,0,0,0,0,0,0,0,0,--,00:00,0,00:00,No,01:35.3,11,0,10.34,68,00:59:03,01:04:29,7,36
Running,4/13/2023 07:34,FALSE,Carrera,10.85,604,01:07:40,147,170,4.7,194,206,06:14,05:09,79,82,0.83,0,0,0,0,0,0,0,0,0,0,0,--,00:00,0,00:00,No,07:12.4,7,0,10.85,82,01:07:16,01:13:17,7,41
Running,2/22/2024 08:22,FALSE,Running,10.12,605,00:58:24,159,175,4.7,198,210,05:46,04:27,51,52,0.88,0,0,0,0,0,0,0,0,0,0,0,--,00:00,0,00:00,No,00:31.2,11,0,10.12,52,00:58:22,01:05:44,6,31
Running,1/22/2024 07:06,FALSE,Running,10.14,606,00:59:54,160,199,4.5,193,203,05:54,04:16,56,64,0.88,0,0,0,0,0,0,0,0,0,0,0,--,00:00,0,00:00,No,00:37.0,11,0,10.14,64,00:59:50,01:05:43,7,36
Treadmill Running,7/18/2023 18:52,FALSE,Treadmill Running,10.8,606,01:04:06,159,175,5,184,196,05:56,05:47,--,--,0.83,0,0,0,0,0,0,0,0,0,0,0,--,00:00,0,00:00,No,01:30.6,7,0,10.8,--,01:03:15,01:04:06,--,--
Treadmill Running,1/17/2023 18:34,FALSE,Entrenamiento en cinta,9.4,606,01:09:08,149,169,4.3,177,199,07:21,05:44,--,--,0.74,0,0,0,0,0,0,0,0,0,0,0,--,00:00,0,00:00,No,07:45.2,6,0,9.4,--,01:07:45,01:10:21,--,--
Running,5/15/2023 07:05,FALSE,Running,10.74,607,01:04:55,146,170,4.8,187,201,06:03,04:30,57,63,0.88,0,0,0,0,0,0,0,0,0,0,0,--,00:00,0,00:00,No,05:28.1,7,0,10.74,63,01:04:49,01:08:57,7,37
Running,11/16/2022 08:33,FALSE,Carrera,10.36,609,01:06:55,153,172,4.9,194,234,06:27,05:00,87,92,0.8,0,0,0,0,0,0,0,0,0,0,0,--,00:00,0,00:00,No,00:02.2,8,0,10.36,92,01:06:41,01:11:10,7,67
Running,8/26/2023 06:36,FALSE,Running,11.06,610,01:12:38,145,176,4.2,188,240,06:34,04:10,80,88,0.81,0,0,0,0,0,0,0,0,0,0,0,--,00:00,0,00:00,No,00:14.8,12,0,11.06,88,01:12:07,01:26:00,7,58
Running,2/22/2023 06:42,FALSE,Carrera,10.01,610,01:04:42,157,176,5,193,206,06:28,04:59,51,48,0.8,0,0,0,0,0,0,0,0,0,0,0,--,00:00,0,00:00,No,01:50.2,7,0,10.01,48,01:04:13,01:06:44,7,31
Running,12/13/2023 07:20,FALSE,Running,10.27,611,01:01:42,152,172,4.4,195,206,06:00,05:06,59,66,0.86,0,0,0,0,0,0,0,0,0,0,0,--,00:00,0,00:00,No,01:28.9,11,0,10.27,66,01:01:11,01:06:02,7,35
Running,12/27/2023 07:06,FALSE,Running,9.74,613,01:00:32,169,197,4.7,192,218,06:13,05:25,57,66,0.84,0,0,0,0,0,0,0,0,0,0,0,--,00:00,0,00:00,No,04:18.5,10,0,9.74,66,01:00:29,01:11:09,7,36
Running,10/16/2022 06:47,FALSE,Carrera,11.05,617,01:19:05,145,167,4.7,183,201,07:09,05:25,88,89,0.77,0,0,0,0,0,0,0,0,0,0,0,--,00:00,0,00:00,No,09:33.7,7,0,11.05,89,01:18:09,01:28:39,10,71
Running,1/15/2024 07:20,FALSE,Running,10.57,618,01:02:57,148,176,4.4,196,212,05:57,04:59,69,79,0.86,0,0,0,0,0,0,0,0,0,0,0,--,00:00,0,00:00,No,03:00.5,11,0,10.57,79,01:02:36,01:13:50,7,39
Running,7/12/2023 06:36,FALSE,Running,10.63,618,01:07:58,151,172,4.3,186,196,06:24,05:12,41,48,0.84,0,0,0,0,0,0,0,0,0,0,0,--,00:00,0,00:00,No,03:45.4,11,0,10.63,48,01:07:55,01:12:44,7,37
Running,7/4/2023 06:36,FALSE,Running,10.73,619,01:06:20,151,171,4.6,188,201,06:11,04:59,55,62,0.86,0,0,0,0,0,0,0,0,0,0,0,--,00:00,0,00:00,No,04:19.5,11,0,10.73,62,01:06:13,01:12:09,7,37
Treadmill Running,6/6/2022 09:33,FALSE,Entrenamiento en cinta,6.8,619,01:13:00,159,179,5,157,190,10:44,08:28,--,--,0.59,0,0,0,0,0,0,0,0,0,0,0,--,00:00,0,00:00,No,00:02.4,6,0,6.8,--,01:09:01,01:13:00,--,--
Running,1/24/2024 07:07,FALSE,Running,10.21,621,01:02:34,153,173,4.3,192,201,06:08,04:58,52,59,0.85,0,0,0,0,0,0,0,0,0,0,0,--,00:00,0,00:00,No,01:03.5,11,0,10.21,59,01:02:27,01:08:10,7,35
Running,2/26/2023 08:21,FALSE,Carrera,10.53,622,01:03:27,158,177,5,192,212,06:02,04:57,56,62,0.86,0,0,0,0,0,0,0,0,0,0,0,--,00:00,0,00:00,No,05:09.5,7,0,10.53,62,01:02:58,01:07:19,6,31
Running,2/23/2023 07:33,FALSE,Carrera,10.01,623,01:03:19,165,180,5,194,206,06:20,04:53,41,47,0.81,0,0,0,0,0,0,0,0,0,0,0,--,00:00,0,00:00,No,01:53.1,7,0,10.01,47,01:03:09,01:06:17,10,32
Treadmill Running,1/18/2023 12:16,FALSE,Entrenamiento en cinta,10.18,623,01:08:34,151,169,4.8,185,196,06:44,05:28,--,--,0.8,0,0,0,0,0,0,0,0,0,0,0,--,00:00,0,00:00,No,03:34.7,7,0,10.18,--,01:08:03,01:10:08,--,--
Running,2/11/2023 08:21,FALSE,Carrera,10.38,626,01:06:33,157,173,5,190,198,06:25,05:35,53,58,0.82,0,0,0,0,0,0,0,0,0,0,0,--,00:00,0,00:00,No,04:24.1,7,0,10.38,58,01:06:29,01:09:30,6,31
Treadmill Running,7/8/2022 19:44,FALSE,Entrenamiento en cinta,8.13,627,01:20:15,149,167,4.6,160,191,09:52,07:30,--,--,0.63,0,0,0,0,0,0,0,0,0,0,0,--,00:00,0,00:00,No,01:53.3,6,0,8.13,--,01:12:56,01:20:15,--,--
Treadmill Running,5/7/2022 09:56,FALSE,Entrenamiento en cinta,7.12,631,01:10:16,166,182,5,167,236,09:52,05:39,--,--,0.78,0,0,0,0,0,0,0,0,0,0,0,--,00:00,0,00:00,No,09:19.8,6,0,7.12,--,01:07:59,01:10:16,--,--
Running,2/19/2024 08:36,FALSE,Running,10.54,633,01:01:16,159,174,4.9,195,208,05:49,04:42,69,68,0.88,0,0,0,0,0,0,0,0,0,0,0,--,00:00,0,00:00,No,02:43.7,11,0,10.54,68,01:01:14,01:05:44,6,36
Running,1/31/2024 07:02,FALSE,Running,10.41,635,01:03:38,149,170,4.4,193,206,06:07,04:38,58,66,0.85,0,0,0,0,0,0,0,0,0,0,0,--,00:00,0,00:00,No,01:59.2,11,0,10.41,66,01:03:32,01:08:54,7,36
Running,11/4/2022 07:56,FALSE,Carrera,10.03,636,01:08:50,160,176,5,185,245,06:52,05:39,79,79,0.79,0,0,0,0,0,0,0,0,0,0,0,--,00:00,0,00:00,No,02:41.7,7,0,10.03,79,01:08:16,01:12:47,11,71
Running,8/29/2023 06:35,FALSE,Running,10.68,637,01:06:11,164,180,5,188,199,06:12,05:31,65,72,0.86,0,0,0,0,0,0,0,0,0,0,0,--,00:00,0,00:00,No,04:05.1,11,0,10.68,72,01:05:58,01:15:46,7,35
Treadmill Running,8/1/2023 09:39,FALSE,Treadmill Running,10.38,638,01:16:11,150,180,5,163,240,07:21,05:30,--,--,0.82,0,0,0,0,0,0,0,0,0,0,0,--,00:00,0,00:00,No,09:31.3,7,0,10.38,--,01:08:28,01:16:11,--,--
Running,2/9/2024 10:20,FALSE,Running,11.08,639,01:03:24,155,175,4.7,197,210,05:43,04:25,65,68,0.89,0,0,0,0,0,0,0,0,0,0,0,--,00:00,0,00:00,No,00:20.8,12,0,11.08,68,01:03:20,01:11:41,6,57
Running,1/30/2024 06:01,FALSE,Running,10.55,640,01:02:50,160,175,4.8,194,203,05:57,04:44,47,42,0.86,0,0,0,0,0,0,0,0,0,0,0,--,00:00,0,00:00,No,02:58.9,11,0,10.55,42,01:02:47,01:07:44,7,35
Running,11/13/2022 08:19,FALSE,Carrera,10.37,641,01:11:30,155,170,4.8,191,206,06:54,05:22,76,74,0.76,0,0,0,0,0,0,0,0,0,0,0,--,00:00,0,00:00,No,04:31.2,7,0,10.37,74,01:10:31,01:17:03,7,68
Treadmill Running,7/22/2022 18:12,FALSE,Entrenamiento en cinta,6.8,641,02:06:00,134,184,5,92,240,18:32,07:46,--,--,0.44,0,0,0,0,0,0,0,0,0,0,0,--,00:00,0,00:00,No,14:27.2,5,0,6.8,--,01:03:49,02:06:00,--,--
Running,6/18/2023 06:35,FALSE,Running,11.65,643,01:07:48,155,177,4.8,189,201,05:49,04:04,74,83,0.91,0,0,0,0,0,0,0,0,0,0,0,--,00:00,0,00:00,No,01:42.2,8,0,11.65,83,01:07:29,01:12:42,7,37
Running,10/30/2022 07:34,FALSE,Carrera,10.37,643,01:10:59,156,173,5,185,206,06:51,04:49,94,93,0.79,0,0,0,0,0,0,0,0,0,0,0,--,00:00,0,00:00,No,04:44.1,7,0,10.37,93,01:10:25,01:16:46,6,68
Walking,12/10/2022 07:07,FALSE,Caminar,7.15,659,04:12:39,84,115,0.5,35,196,35:23:00,07:46,24,26,0.83,0,0,0,0,0,0,0,0,0,0,0,--,00:00,0,00:00,No,04:20.8,6,0,7.15,26,01:35:31,04:36:05,-413,-392
Running,2/24/2023 07:03,FALSE,Carrera,11.02,661,01:11:34,153,182,5,190,201,06:30,05:03,83,84,0.81,0,0,0,0,0,0,0,0,0,0,0,--,00:00,0,00:00,No,08:17.5,7,0,11.02,84,01:11:28,01:18:13,7,55
Running,4/8/2023 07:05,FALSE,Carrera,12.2,667,01:22:40,133,155,3.9,192,206,06:47,05:28,72,73,0.77,0,0,0,0,0,0,0,0,0,0,0,--,00:00,0,00:00,No,05:25.5,8,0,12.2,73,01:22:10,01:30:17,1,26
Running,11/24/2023 07:05,FALSE,Running,12.01,670,01:10:20,152,170,4.7,193,203,05:51,04:47,62,71,0.88,0,0,0,0,0,0,0,0,0,0,0,--,00:00,0,00:00,No,00:01.4,13,0,12.01,71,01:10:08,01:18:37,7,36
Treadmill Running,7/27/2022 19:20,FALSE,Entrenamiento en cinta,8.26,672,01:15:16,162,181,5,159,192,09:07,07:25,--,--,0.68,0,0,0,0,0,0,0,0,0,0,0,--,00:00,0,00:00,No,04:25.3,6,0,8.26,--,01:07:36,01:15:16,--,--
Running,3/10/2023 07:21,FALSE,Carrera,11.85,675,01:13:33,159,187,5,186,201,06:12,05:02,61,64,0.87,0,0,0,0,0,0,0,0,0,0,0,--,00:00,0,00:00,No,03:24.2,8,0,11.85,64,01:13:30,01:25:40,1,26
Running,9/29/2023 06:35,FALSE,Running,12.55,698,01:15:40,152,168,4.8,190,201,06:02,05:23,78,75,0.87,0,0,0,0,0,0,0,0,0,0,0,--,00:00,0,00:00,No,03:12.2,13,0,12.55,75,01:15:28,01:18:19,6,41
Running,10/13/2023 06:51,FALSE,Running,12.07,703,01:13:08,153,171,4.9,193,201,06:03,05:11,59,63,0.86,0,0,0,0,0,0,0,0,0,0,0,--,00:00,0,00:00,No,00:25.0,13,0,12.07,63,01:12:59,01:16:46,7,41
Running,7/14/2023 06:21,FALSE,Running,12.31,706,01:15:28,154,175,5,187,198,06:08,05:18,70,75,0.87,0,0,0,0,0,0,0,0,0,0,0,--,00:00,0,00:00,No,01:39.7,13,0,12.31,75,01:15:18,01:22:02,6,40
Running,4/29/2023 06:52,FALSE,Running,13.41,712,01:20:44,146,173,4.5,191,206,06:01,04:58,85,93,0.87,0,0,0,0,0,0,0,0,0,0,0,--,00:00,0,00:00,No,02:55.1,9,0,13.41,93,01:20:33,01:34:36,7,47
Running,12/30/2022 06:36,FALSE,Carrera,12.03,717,01:17:25,150,167,5,193,206,06:26,05:03,53,59,0.8,0,0,0,0,0,0,0,0,0,0,0,--,00:00,0,00:00,No,04:26.9,8,0,12.03,59,01:17:06,01:20:36,10,39
Running,7/22/2023 06:20,FALSE,Running,13.4,728,01:28:46,142,171,3.9,186,199,06:37,04:55,96,99,0.81,0,0,0,0,0,0,0,0,0,0,0,--,00:00,0,00:00,No,02:03.5,14,0,13.4,99,01:27:54,01:48:53,7,67
Treadmill Running,7/2/2022 11:14,FALSE,Entrenamiento en cinta,9.23,739,01:27:51,157,173,5,161,241,09:31,08:48,--,--,0.56,0,0,0,0,0,0,0,0,0,0,0,--,00:00,0,00:00,No,15:57.5,5,0,9.23,--,01:21:09,01:27:51,--,--
Running,10/27/2023 06:35,FALSE,Running,13.08,764,01:17:53,160,176,5,193,203,05:57,05:08,84,78,0.87,0,0,0,0,0,0,0,0,0,0,0,--,00:00,0,00:00,No,00:26.2,14,0,13.08,78,01:17:42,01:24:27,7,55
Running,5/5/2023 06:51,FALSE,Running,15.14,798,01:29:12,149,168,4.8,189,204,05:53,05:12,65,64,0.9,0,0,0,0,0,0,0,0,0,0,0,--,00:00,0,00:00,No,03:44.4,10,0,15.14,64,01:28:56,01:38:22,1,29
Running,12/2/2022 06:53,FALSE,Carrera,13.53,803,01:27:52,157,179,5,192,204,06:30,05:33,55,38,0.8,0,0,0,0,0,0,0,0,0,0,0,--,00:00,0,00:00,No,04:20.9,9,0,13.53,38,01:27:46,01:33:01,1,29
Running,11/19/2022 06:45,FALSE,Carrera,14.02,811,01:34:51,142,170,4.5,189,203,06:46,05:01,64,63,0.78,0,0,0,0,0,0,0,0,0,0,0,--,00:00,0,00:00,No,06:42.4,9,0,14.02,63,01:33:39,01:45:21,1,26
Running,5/26/2023 06:54,FALSE,Running,15.11,814,01:29:18,149,164,4.9,192,201,05:54,04:57,69,71,0.88,0,0,0,0,0,0,0,0,0,0,0,--,00:00,0,00:00,No,03:33.1,10,0,15.11,71,01:29:14,01:34:25,0,29
Running,3/4/2023 06:46,FALSE,×§××¡×¨×× ××××,14.01,825,01:35:47,134,160,4.3,189,204,06:50,05:10,71,76,0.77,0,0,0,0,0,0,0,0,0,0,0,--,00:00,0,00:00,No,06:50.4,9,0,14.01,76,01:35:05,01:49:12,0,29
Running,11/4/2023 06:19,FALSE,Running,15.01,846,01:26:03,160,178,5,193,203,05:44,04:44,63,65,0.9,0,0,0,0,0,0,0,0,0,0,0,--,00:00,0,00:00,No,00:02.0,16,0,15.01,65,01:25:43,01:34:56,0,29
Running,3/31/2023 07:28,FALSE,Carrera,15.03,849,01:31:23,143,166,5,187,198,06:05,05:24,81,78,0.88,0,0,0,0,0,0,0,0,0,0,0,--,00:00,0,00:00,No,03:08.2,10,0,15.03,78,01:31:19,01:41:31,1,29
Running,12/15/2023 07:06,FALSE,Running,15.3,876,01:27:38,153,179,4.9,196,203,05:44,04:12,92,94,0.89,0,0,0,0,0,0,0,0,0,0,0,--,00:00,0,00:00,No,01:28.9,16,0,15.3,94,01:27:33,01:41:37,7,41
Running,4/15/2023 07:17,FALSE,Carrera,16.05,880,01:38:03,145,168,5,191,230,06:07,04:53,80,80,0.86,0,0,0,0,0,0,0,0,0,0,0,--,00:00,0,00:00,No,08:44.1,10,0,16.05,80,01:37:00,01:50:12,--,29
Running,12/8/2023 06:52,FALSE,Running,15.03,890,01:30:23,149,175,5,192,206,06:01,05:04,94,105,0.86,0,0,0,0,0,0,0,0,0,0,0,--,00:00,0,00:00,No,00:08.2,16,0,15.03,105,01:29:38,01:43:32,7,41
Running,12/1/2023 06:51,FALSE,Running,15.01,891,01:29:02,152,178,4.9,194,203,05:56,04:57,81,88,0.87,0,0,0,0,0,0,0,0,0,0,0,--,00:00,0,00:00,No,00:03.2,16,0,15.01,88,01:28:56,01:42:48,7,41
Running,1/12/2024 07:07,FALSE,Running,15.01,894,01:27:28,154,183,5,196,208,05:50,04:25,91,100,0.88,0,0,0,0,0,0,0,0,0,0,0,--,00:00,0,00:00,No,00:02.8,16,0,15.01,100,01:27:24,01:40:27,7,41
Running,1/5/2024 07:06,FALSE,Running,15.05,894,01:31:20,149,171,5,195,206,06:04,04:38,77,85,0.85,0,0,0,0,0,0,0,0,0,0,0,--,00:00,0,00:00,No,00:15.1,16,0,15.05,85,01:31:06,01:44:53,6,40
Running,5/12/2023 06:35,FALSE,Running,16.12,899,01:38:08,151,169,5,191,201,06:05,05:28,66,70,0.86,0,0,0,0,0,0,0,0,0,0,0,--,00:00,0,00:00,No,00:10.8,11,0,16.12,70,01:37:46,01:50:50,1,29
Running,12/16/2022 07:04,FALSE,Carrera,15.02,911,01:34:13,162,176,5,192,205,06:16,05:36,75,72,0.83,0,0,0,0,0,0,0,0,0,0,0,--,00:00,0,00:00,No,03:25.7,10,0,15.02,72,01:34:04,01:39:15,0,26
Running,11/25/2022 06:40,FALSE,Carrera,15.27,913,01:40:04,155,172,5,192,201,06:33,05:41,72,68,0.79,0,0,0,0,0,0,0,0,0,0,0,--,00:00,0,00:00,No,05:11.7,10,0,15.27,68,01:39:28,01:44:08,--,29
Running,1/26/2024 07:06,FALSE,Running,16.05,960,01:35:34,157,181,5,193,203,05:57,05:02,86,93,0.87,0,0,0,0,0,0,0,0,0,0,0,--,00:00,0,00:00,No,00:14.6,17,0,16.05,93,01:35:22,01:43:42,7,41
Running,11/10/2023 06:07,FALSE,Running,17.01,966,01:39:59,155,178,5,194,206,05:53,05:02,81,81,0.88,0,0,0,0,0,0,0,0,0,0,0,--,00:00,0,00:00,No,00:03.1,18,0,17.01,81,01:39:52,01:47:53,1,29
Running,12/20/2022 08:13,FALSE,Carrera,0,0,00:00.8,90,91,0,126,126,06:12,12:14,--,--,1.28,0,0,0,0,0,0,0,0,0,0,0,--,00:00,0,00:00,No,00:00.8,1,0,0,--,00:00.8,00:00.8,17,17
Pilates,12/12/2021 08:54,FALSE,Pilates,0,0,00:44:44,0,0,0,--,--,--,--,--,--,0,0,0,0,0,0,0,0,0,0,0,--,1,00:00,0,00:00,No,44:44.2,1,0,0,--,00:44:44,00:44:44,--,--
